"{'083AF294BC80': (4, ['_M_00004']), '7C9EBD07EDAC': (3, ['_M_00002']), '4CEBD6579420': (2, ['_M_00005']), 'A8032A18DB18': (1, ['_M_00001'])}"
,v12PortStatus,usbPortStatus,acPortStatus,socPercent,Yeti_ID,cycle,packet_num,channel
0,0,0,1,97,083AF294BC80,1,0,13
1,0,0,1,86,7C9EBD07EDAC,1,0,5
2,0,0,1,85,4CEBD6579420,1,0,9
3,0,0,1,51,A8032A18DB18,1,0,1
0,0,0,1,97,083AF294BC80,2,150,11
1,0,0,1,85,7C9EBD07EDAC,2,150,3
2,0,0,1,85,4CEBD6579420,2,150,15
3,0,0,1,51,A8032A18DB18,2,150,7
4,0,0,1,97,083AF294BC80,2,149,11
5,0,0,1,85,7C9EBD07EDAC,2,149,3
6,0,0,1,85,4CEBD6579420,2,149,15
7,0,0,1,51,A8032A18DB18,2,149,7
8,0,0,1,97,083AF294BC80,2,148,11
9,0,0,1,85,7C9EBD07EDAC,2,148,3
10,0,0,1,85,4CEBD6579420,2,148,15
11,0,0,1,51,A8032A18DB18,2,148,7
12,0,0,1,97,083AF294BC80,2,147,11
13,0,0,1,85,7C9EBD07EDAC,2,147,3
14,0,0,1,85,4CEBD6579420,2,147,15
15,0,0,1,51,A8032A18DB18,2,147,7
16,0,0,1,97,083AF294BC80,2,146,11
17,0,0,1,85,7C9EBD07EDAC,2,146,3
18,0,0,1,85,4CEBD6579420,2,146,15
19,0,0,1,51,A8032A18DB18,2,146,7
20,0,0,1,97,083AF294BC80,2,145,11
21,0,0,1,85,7C9EBD07EDAC,2,145,3
22,0,0,1,85,4CEBD6579420,2,145,15
23,0,0,1,51,A8032A18DB18,2,145,7
24,0,0,1,97,083AF294BC80,2,144,11
25,0,0,1,85,7C9EBD07EDAC,2,144,3
26,0,0,1,85,4CEBD6579420,2,144,15
27,0,0,1,51,A8032A18DB18,2,144,7
28,0,0,1,97,083AF294BC80,2,143,11
29,0,0,1,85,7C9EBD07EDAC,2,143,3
30,0,0,1,85,4CEBD6579420,2,143,15
31,0,0,1,51,A8032A18DB18,2,143,7
32,0,0,1,97,083AF294BC80,1,142,11
33,0,0,1,85,7C9EBD07EDAC,1,142,3
34,0,0,1,85,4CEBD6579420,1,142,15
35,0,0,1,51,A8032A18DB18,1,142,7
36,0,0,1,97,083AF294BC80,1,141,11
37,0,0,1,85,7C9EBD07EDAC,1,141,3
38,0,0,1,85,4CEBD6579420,1,141,15
39,0,0,1,51,A8032A18DB18,1,141,7
40,0,0,1,97,083AF294BC80,1,140,11
41,0,0,1,85,7C9EBD07EDAC,1,140,3
42,0,0,1,85,4CEBD6579420,1,140,15
43,0,0,1,51,A8032A18DB18,1,140,7
44,0,0,1,97,083AF294BC80,1,139,11
45,0,0,1,85,7C9EBD07EDAC,1,139,3
46,0,0,1,85,4CEBD6579420,1,139,15
47,0,0,1,51,A8032A18DB18,1,139,7
48,0,0,1,97,083AF294BC80,1,138,11
49,0,0,1,85,7C9EBD07EDAC,1,138,3
50,0,0,1,85,4CEBD6579420,1,138,15
51,0,0,1,51,A8032A18DB18,1,138,7
52,0,0,1,97,083AF294BC80,1,137,11
53,0,0,1,85,7C9EBD07EDAC,1,137,3
54,0,0,1,85,4CEBD6579420,1,137,15
55,0,0,1,51,A8032A18DB18,1,137,7
56,0,0,1,97,083AF294BC80,1,136,11
57,0,0,1,85,7C9EBD07EDAC,1,136,3
58,0,0,1,85,4CEBD6579420,1,136,15
59,0,0,1,51,A8032A18DB18,1,136,7
60,0,0,1,97,083AF294BC80,1,135,11
61,0,0,1,85,7C9EBD07EDAC,1,135,3
62,0,0,1,85,4CEBD6579420,1,135,15
63,0,0,1,51,A8032A18DB18,1,135,7
64,0,0,1,97,083AF294BC80,1,134,11
65,0,0,1,85,7C9EBD07EDAC,1,134,3
66,0,0,1,85,4CEBD6579420,1,134,15
67,0,0,1,51,A8032A18DB18,1,134,7
68,0,0,1,97,083AF294BC80,1,133,11
69,0,0,1,85,7C9EBD07EDAC,1,133,3
70,0,0,1,85,4CEBD6579420,1,133,15
71,0,0,1,51,A8032A18DB18,1,133,7
72,0,0,1,97,083AF294BC80,1,132,11
73,0,0,1,85,7C9EBD07EDAC,1,132,3
74,0,0,1,85,4CEBD6579420,1,132,15
75,0,0,1,51,A8032A18DB18,1,132,7
76,0,0,1,97,083AF294BC80,2,131,10
77,0,0,1,85,7C9EBD07EDAC,2,131,2
78,0,0,1,85,4CEBD6579420,2,131,14
79,0,0,1,51,A8032A18DB18,2,131,6
80,0,0,1,97,083AF294BC80,2,130,10
81,0,0,1,85,7C9EBD07EDAC,2,130,2
82,0,0,1,85,4CEBD6579420,2,130,14
83,0,0,1,51,A8032A18DB18,2,130,6
84,0,0,1,97,083AF294BC80,2,129,10
85,0,0,1,85,7C9EBD07EDAC,2,129,2
86,0,0,1,85,4CEBD6579420,2,129,14
87,0,0,1,51,A8032A18DB18,2,129,6
88,0,0,1,97,083AF294BC80,2,128,10
89,0,0,1,85,7C9EBD07EDAC,2,128,2
90,0,0,1,85,4CEBD6579420,2,128,14
91,0,0,1,51,A8032A18DB18,2,128,6
92,0,0,1,97,083AF294BC80,2,127,10
93,0,0,1,86,7C9EBD07EDAC,2,127,2
94,0,0,1,85,4CEBD6579420,2,127,14
95,0,0,1,51,A8032A18DB18,2,127,6
96,0,0,1,97,083AF294BC80,2,126,10
97,0,0,1,86,7C9EBD07EDAC,2,126,2
98,0,0,1,85,4CEBD6579420,2,126,14
99,0,0,1,51,A8032A18DB18,2,126,6
100,0,0,1,97,083AF294BC80,2,125,10
101,0,0,1,86,7C9EBD07EDAC,2,125,2
102,0,0,1,85,4CEBD6579420,2,125,14
103,0,0,1,51,A8032A18DB18,2,125,6
104,0,0,1,97,083AF294BC80,2,124,10
105,0,0,1,86,7C9EBD07EDAC,2,124,2
106,0,0,1,85,4CEBD6579420,2,124,14
107,0,0,1,51,A8032A18DB18,2,124,6
108,0,0,1,97,083AF294BC80,2,123,10
109,0,0,1,86,7C9EBD07EDAC,2,123,2
110,0,0,1,85,4CEBD6579420,2,123,14
111,0,0,1,51,A8032A18DB18,2,123,6
112,0,0,1,97,083AF294BC80,2,122,10
113,0,0,1,86,7C9EBD07EDAC,2,122,2
114,0,0,1,85,4CEBD6579420,2,122,14
115,0,0,1,51,A8032A18DB18,2,122,6
116,0,0,1,97,083AF294BC80,2,121,10
117,0,0,1,86,7C9EBD07EDAC,2,121,2
118,0,0,1,85,4CEBD6579420,2,121,14
119,0,0,1,51,A8032A18DB18,2,121,6
120,0,0,1,97,083AF294BC80,1,120,10
121,0,0,1,86,7C9EBD07EDAC,1,120,2
122,0,0,1,85,4CEBD6579420,1,120,14
123,0,0,1,51,A8032A18DB18,1,120,6
124,0,0,1,97,083AF294BC80,1,119,10
125,0,0,1,86,7C9EBD07EDAC,1,119,2
126,0,0,1,85,4CEBD6579420,1,119,14
127,0,0,1,51,A8032A18DB18,1,119,6
128,0,0,1,97,083AF294BC80,1,118,10
129,0,0,1,86,7C9EBD07EDAC,1,118,2
130,0,0,1,85,4CEBD6579420,1,118,14
131,0,0,1,51,A8032A18DB18,1,118,6
132,0,0,1,97,083AF294BC80,1,117,10
133,0,0,1,86,7C9EBD07EDAC,1,117,2
134,0,0,1,85,4CEBD6579420,1,117,14
135,0,0,1,51,A8032A18DB18,1,117,6
136,0,0,1,97,083AF294BC80,1,116,10
137,0,0,1,86,7C9EBD07EDAC,1,116,2
138,0,0,1,85,4CEBD6579420,1,116,14
139,0,0,1,51,A8032A18DB18,1,116,6
140,0,0,1,97,083AF294BC80,1,115,10
141,0,0,1,86,7C9EBD07EDAC,1,115,2
142,0,0,1,85,4CEBD6579420,1,115,14
143,0,0,1,51,A8032A18DB18,1,115,6
144,0,0,1,97,083AF294BC80,1,114,10
145,0,0,1,86,7C9EBD07EDAC,1,114,2
146,0,0,1,85,4CEBD6579420,1,114,14
147,0,0,1,51,A8032A18DB18,1,114,6
148,0,0,1,97,083AF294BC80,1,113,10
149,0,0,1,86,7C9EBD07EDAC,1,113,2
150,0,0,1,85,4CEBD6579420,1,113,14
151,0,0,1,51,A8032A18DB18,1,113,6
152,0,0,1,97,083AF294BC80,1,112,10
153,0,0,1,86,7C9EBD07EDAC,1,112,2
154,0,0,1,85,4CEBD6579420,1,112,14
155,0,0,1,51,A8032A18DB18,1,112,6
156,0,0,1,97,083AF294BC80,1,111,10
157,0,0,1,86,7C9EBD07EDAC,1,111,2
158,0,0,1,85,4CEBD6579420,1,111,14
159,0,0,1,51,A8032A18DB18,1,111,6
160,0,0,1,97,083AF294BC80,1,110,10
161,0,0,1,86,7C9EBD07EDAC,1,110,2
162,0,0,1,85,4CEBD6579420,1,110,14
163,0,0,1,51,A8032A18DB18,1,110,6
164,0,0,1,97,083AF294BC80,2,109,9
165,0,0,2,86,7C9EBD07EDAC,2,109,1
166,0,0,1,85,4CEBD6579420,2,109,13
167,0,0,1,51,A8032A18DB18,2,109,5
168,0,0,1,97,083AF294BC80,2,108,9
169,0,0,2,86,7C9EBD07EDAC,2,108,1
170,0,0,1,85,4CEBD6579420,2,108,13
171,0,0,1,51,A8032A18DB18,2,108,5
172,0,0,1,97,083AF294BC80,2,107,9
173,0,0,2,86,7C9EBD07EDAC,2,107,1
174,0,0,1,85,4CEBD6579420,2,107,13
175,0,0,1,51,A8032A18DB18,2,107,5
176,0,0,1,97,083AF294BC80,2,106,9
177,0,0,2,86,7C9EBD07EDAC,2,106,1
178,0,0,1,85,4CEBD6579420,2,106,13
179,0,0,1,51,A8032A18DB18,2,106,5
180,0,0,1,97,083AF294BC80,2,105,9
181,0,0,2,86,7C9EBD07EDAC,2,105,1
182,0,0,1,85,4CEBD6579420,2,105,13
183,0,0,1,51,A8032A18DB18,2,105,5
184,0,0,1,97,083AF294BC80,2,104,9
185,0,0,2,86,7C9EBD07EDAC,2,104,1
186,0,0,1,85,4CEBD6579420,2,104,13
187,0,0,1,51,A8032A18DB18,2,104,5
188,0,0,1,97,083AF294BC80,2,103,9
189,0,0,2,86,7C9EBD07EDAC,2,103,1
190,0,0,1,85,4CEBD6579420,2,103,13
191,0,0,1,51,A8032A18DB18,2,103,5
192,0,0,1,97,083AF294BC80,2,102,9
193,0,0,1,86,7C9EBD07EDAC,2,102,1
194,0,0,1,85,4CEBD6579420,2,102,13
195,0,0,1,51,A8032A18DB18,2,102,5
196,0,0,1,97,083AF294BC80,2,101,9
197,0,0,1,86,7C9EBD07EDAC,2,101,1
198,0,0,1,85,4CEBD6579420,2,101,13
199,0,0,1,51,A8032A18DB18,2,101,5
200,0,0,1,97,083AF294BC80,2,100,9
201,0,0,1,86,7C9EBD07EDAC,2,100,1
202,0,0,1,85,4CEBD6579420,2,100,13
203,0,0,1,51,A8032A18DB18,2,100,5
204,0,0,1,97,083AF294BC80,2,99,9
205,0,0,1,86,7C9EBD07EDAC,2,99,1
206,0,0,1,85,4CEBD6579420,2,99,13
207,0,0,1,51,A8032A18DB18,2,99,5
208,0,0,1,97,083AF294BC80,1,98,9
209,0,0,2,86,7C9EBD07EDAC,1,98,1
210,0,0,1,85,4CEBD6579420,1,98,13
211,0,0,1,51,A8032A18DB18,1,98,5
212,0,0,1,97,083AF294BC80,1,97,9
213,0,0,2,86,7C9EBD07EDAC,1,97,1
214,0,0,1,85,4CEBD6579420,1,97,13
215,0,0,1,51,A8032A18DB18,1,97,5
216,0,0,1,97,083AF294BC80,1,96,9
217,0,0,2,86,7C9EBD07EDAC,1,96,1
218,0,0,1,85,4CEBD6579420,1,96,13
219,0,0,1,51,A8032A18DB18,1,96,5
220,0,0,1,97,083AF294BC80,1,95,9
221,0,0,2,86,7C9EBD07EDAC,1,95,1
222,0,0,1,85,4CEBD6579420,1,95,13
223,0,0,1,51,A8032A18DB18,1,95,5
224,0,0,1,97,083AF294BC80,1,94,9
225,0,0,2,86,7C9EBD07EDAC,1,94,1
226,0,0,1,85,4CEBD6579420,1,94,13
227,0,0,1,51,A8032A18DB18,1,94,5
228,0,0,1,97,083AF294BC80,1,93,9
229,0,0,2,86,7C9EBD07EDAC,1,93,1
230,0,0,1,85,4CEBD6579420,1,93,13
231,0,0,1,51,A8032A18DB18,1,93,5
232,0,0,1,97,083AF294BC80,1,92,9
233,0,0,1,86,7C9EBD07EDAC,1,92,1
234,0,0,1,85,4CEBD6579420,1,92,13
235,0,0,1,51,A8032A18DB18,1,92,5
236,0,0,1,97,083AF294BC80,1,91,9
237,0,0,1,86,7C9EBD07EDAC,1,91,1
238,0,0,1,85,4CEBD6579420,1,91,13
239,0,0,1,51,A8032A18DB18,1,91,5
240,0,0,1,97,083AF294BC80,1,90,9
241,0,0,1,86,7C9EBD07EDAC,1,90,1
242,0,0,1,85,4CEBD6579420,1,90,13
243,0,0,1,51,A8032A18DB18,1,90,5
244,0,0,1,97,083AF294BC80,1,89,9
245,0,0,1,86,7C9EBD07EDAC,1,89,1
246,0,0,1,85,4CEBD6579420,1,89,13
247,0,0,1,51,A8032A18DB18,1,89,5
248,0,0,1,97,083AF294BC80,1,88,9
249,0,0,1,86,7C9EBD07EDAC,1,88,1
250,0,0,1,85,4CEBD6579420,1,88,13
251,0,0,1,51,A8032A18DB18,1,88,5
252,0,0,1,97,083AF294BC80,2,87,16
253,0,0,1,86,7C9EBD07EDAC,2,87,8
254,0,0,1,85,4CEBD6579420,2,87,12
255,0,0,1,51,A8032A18DB18,2,87,4
256,0,0,1,97,083AF294BC80,2,86,16
257,0,0,1,86,7C9EBD07EDAC,2,86,8
258,0,0,1,85,4CEBD6579420,2,86,12
259,0,0,1,51,A8032A18DB18,2,86,4
260,0,0,1,97,083AF294BC80,2,85,16
261,0,0,1,86,7C9EBD07EDAC,2,85,8
262,0,0,1,85,4CEBD6579420,2,85,12
263,0,0,1,51,A8032A18DB18,2,85,4
264,0,0,1,97,083AF294BC80,2,84,16
265,0,0,1,86,7C9EBD07EDAC,2,84,8
266,0,0,1,85,4CEBD6579420,2,84,12
267,0,0,1,51,A8032A18DB18,2,84,4
268,0,0,1,97,083AF294BC80,2,83,16
269,0,0,1,86,7C9EBD07EDAC,2,83,8
270,0,0,1,85,4CEBD6579420,2,83,12
271,0,0,1,51,A8032A18DB18,2,83,4
272,0,0,1,97,083AF294BC80,2,82,16
273,0,0,1,86,7C9EBD07EDAC,2,82,8
274,0,0,1,85,4CEBD6579420,2,82,12
275,0,0,1,51,A8032A18DB18,2,82,4
276,0,0,1,97,083AF294BC80,2,81,16
277,0,0,1,86,7C9EBD07EDAC,2,81,8
278,0,0,1,85,4CEBD6579420,2,81,12
279,0,0,1,51,A8032A18DB18,2,81,4
280,0,0,1,97,083AF294BC80,2,80,16
281,0,0,1,86,7C9EBD07EDAC,2,80,8
282,0,0,1,85,4CEBD6579420,2,80,12
283,0,0,1,51,A8032A18DB18,2,80,4
284,0,0,1,97,083AF294BC80,2,79,16
285,0,0,1,86,7C9EBD07EDAC,2,79,8
286,0,0,1,85,4CEBD6579420,2,79,12
287,0,0,1,51,A8032A18DB18,2,79,4
288,0,0,1,97,083AF294BC80,2,78,16
289,0,0,1,86,7C9EBD07EDAC,2,78,8
290,0,0,1,85,4CEBD6579420,2,78,12
291,0,0,1,51,A8032A18DB18,2,78,4
292,0,0,1,97,083AF294BC80,2,77,16
293,0,0,1,86,7C9EBD07EDAC,2,77,8
294,0,0,1,85,4CEBD6579420,2,77,12
295,0,0,1,51,A8032A18DB18,2,77,4
296,0,0,1,97,083AF294BC80,1,76,16
297,0,0,1,86,7C9EBD07EDAC,1,76,8
298,0,0,1,85,4CEBD6579420,1,76,12
299,0,0,1,51,A8032A18DB18,1,76,4
300,0,0,1,97,083AF294BC80,1,75,16
301,0,0,1,86,7C9EBD07EDAC,1,75,8
302,0,0,1,85,4CEBD6579420,1,75,12
303,0,0,1,51,A8032A18DB18,1,75,4
304,0,0,1,97,083AF294BC80,1,74,16
305,0,0,1,86,7C9EBD07EDAC,1,74,8
306,0,0,1,85,4CEBD6579420,1,74,12
307,0,0,1,51,A8032A18DB18,1,74,4
308,0,0,1,97,083AF294BC80,1,73,16
309,0,0,1,86,7C9EBD07EDAC,1,73,8
310,0,0,1,85,4CEBD6579420,1,73,12
311,0,0,1,51,A8032A18DB18,1,73,4
312,0,0,1,97,083AF294BC80,1,72,16
313,0,0,1,86,7C9EBD07EDAC,1,72,8
314,0,0,1,85,4CEBD6579420,1,72,12
315,0,0,1,51,A8032A18DB18,1,72,4
316,0,0,1,97,083AF294BC80,1,71,16
317,0,0,1,86,7C9EBD07EDAC,1,71,8
318,0,0,1,85,4CEBD6579420,1,71,12
319,0,0,1,51,A8032A18DB18,1,71,4
320,0,0,1,97,083AF294BC80,1,70,16
321,0,0,1,86,7C9EBD07EDAC,1,70,8
322,0,0,1,85,4CEBD6579420,1,70,12
323,0,0,1,51,A8032A18DB18,1,70,4
324,0,0,1,97,083AF294BC80,1,69,16
325,0,0,1,86,7C9EBD07EDAC,1,69,8
326,0,0,1,85,4CEBD6579420,1,69,12
327,0,0,1,51,A8032A18DB18,1,69,4
328,0,0,1,97,083AF294BC80,1,68,16
329,0,0,1,86,7C9EBD07EDAC,1,68,8
330,0,0,1,85,4CEBD6579420,1,68,12
331,0,0,1,51,A8032A18DB18,1,68,4
332,0,0,1,97,083AF294BC80,1,67,16
333,0,0,1,86,7C9EBD07EDAC,1,67,8
334,0,0,1,85,4CEBD6579420,1,67,12
335,0,0,1,51,A8032A18DB18,1,67,4
336,0,0,1,97,083AF294BC80,1,66,16
337,0,0,1,86,7C9EBD07EDAC,1,66,8
338,0,0,1,85,4CEBD6579420,1,66,12
339,0,0,1,51,A8032A18DB18,1,66,4
340,0,0,1,97,083AF294BC80,2,65,15
341,0,0,1,86,7C9EBD07EDAC,2,65,7
342,0,0,1,85,4CEBD6579420,2,65,11
343,0,0,1,51,A8032A18DB18,2,65,3
344,0,0,1,97,083AF294BC80,2,64,15
345,0,0,1,86,7C9EBD07EDAC,2,64,7
346,0,0,1,85,4CEBD6579420,2,64,11
347,0,0,1,51,A8032A18DB18,2,64,3
348,0,0,1,97,083AF294BC80,2,63,15
349,0,0,1,86,7C9EBD07EDAC,2,63,7
350,0,0,1,85,4CEBD6579420,2,63,11
351,0,0,1,51,A8032A18DB18,2,63,3
352,0,0,1,97,083AF294BC80,2,62,15
353,0,0,1,86,7C9EBD07EDAC,2,62,7
354,0,0,1,85,4CEBD6579420,2,62,11
355,0,0,1,51,A8032A18DB18,2,62,3
356,0,0,1,97,083AF294BC80,2,61,15
357,0,0,1,86,7C9EBD07EDAC,2,61,7
358,0,0,1,85,4CEBD6579420,2,61,11
359,0,0,1,51,A8032A18DB18,2,61,3
360,0,0,1,97,083AF294BC80,2,60,15
361,0,0,1,86,7C9EBD07EDAC,2,60,7
362,0,0,1,85,4CEBD6579420,2,60,11
363,0,0,1,51,A8032A18DB18,2,60,3
364,0,0,1,97,083AF294BC80,2,59,15
365,0,0,1,86,7C9EBD07EDAC,2,59,7
366,0,0,1,85,4CEBD6579420,2,59,11
367,0,0,1,51,A8032A18DB18,2,59,3
368,0,0,1,97,083AF294BC80,2,58,15
369,0,0,1,86,7C9EBD07EDAC,2,58,7
370,0,0,1,85,4CEBD6579420,2,58,11
371,0,0,1,51,A8032A18DB18,2,58,3
372,0,0,1,97,083AF294BC80,2,57,15
373,0,0,1,86,7C9EBD07EDAC,2,57,7
374,0,0,1,85,4CEBD6579420,2,57,11
375,0,0,1,51,A8032A18DB18,2,57,3
376,0,0,1,97,083AF294BC80,2,56,15
377,0,0,1,86,7C9EBD07EDAC,2,56,7
378,0,0,1,85,4CEBD6579420,2,56,11
379,0,0,1,51,A8032A18DB18,2,56,3
380,0,0,1,97,083AF294BC80,2,55,15
381,0,0,1,86,7C9EBD07EDAC,2,55,7
382,0,0,1,85,4CEBD6579420,2,55,11
383,0,0,1,51,A8032A18DB18,2,55,3
384,0,0,1,97,083AF294BC80,1,54,15
385,0,0,1,86,7C9EBD07EDAC,1,54,7
386,0,0,1,85,4CEBD6579420,1,54,11
387,0,0,1,51,A8032A18DB18,1,54,3
388,0,0,1,97,083AF294BC80,1,53,15
389,0,0,1,86,7C9EBD07EDAC,1,53,7
390,0,0,1,85,4CEBD6579420,1,53,11
391,0,0,1,51,A8032A18DB18,1,53,3
392,0,0,1,97,083AF294BC80,1,52,15
393,0,0,1,86,7C9EBD07EDAC,1,52,7
394,0,0,1,85,4CEBD6579420,1,52,11
395,0,0,1,51,A8032A18DB18,1,52,3
396,0,0,1,97,083AF294BC80,1,51,15
397,0,0,1,86,7C9EBD07EDAC,1,51,7
398,0,0,1,85,4CEBD6579420,1,51,11
399,0,0,1,51,A8032A18DB18,1,51,3
400,0,0,1,97,083AF294BC80,1,50,15
401,0,0,1,86,7C9EBD07EDAC,1,50,7
402,0,0,1,85,4CEBD6579420,1,50,11
403,0,0,1,51,A8032A18DB18,1,50,3
404,0,0,1,97,083AF294BC80,1,49,15
405,0,0,1,86,7C9EBD07EDAC,1,49,7
406,0,0,1,85,4CEBD6579420,1,49,11
407,0,0,1,51,A8032A18DB18,1,49,3
408,0,0,1,97,083AF294BC80,1,48,15
409,0,0,1,86,7C9EBD07EDAC,1,48,7
410,0,0,1,85,4CEBD6579420,1,48,11
411,0,0,1,51,A8032A18DB18,1,48,3
412,0,0,1,97,083AF294BC80,1,47,15
413,0,0,1,86,7C9EBD07EDAC,1,47,7
414,0,0,1,85,4CEBD6579420,1,47,11
415,0,0,1,51,A8032A18DB18,1,47,3
416,0,0,1,97,083AF294BC80,1,46,15
417,0,0,1,86,7C9EBD07EDAC,1,46,7
418,0,0,1,85,4CEBD6579420,1,46,11
419,0,0,1,51,A8032A18DB18,1,46,3
420,0,0,1,97,083AF294BC80,1,45,15
421,0,0,1,86,7C9EBD07EDAC,1,45,7
422,0,0,1,85,4CEBD6579420,1,45,11
423,0,0,1,51,A8032A18DB18,1,45,3
424,0,0,1,97,083AF294BC80,1,44,15
425,0,0,1,86,7C9EBD07EDAC,1,44,7
426,0,0,1,85,4CEBD6579420,1,44,11
427,0,0,1,51,A8032A18DB18,1,44,3
428,0,0,1,97,083AF294BC80,2,43,14
429,0,0,1,86,7C9EBD07EDAC,2,43,6
430,0,0,1,85,4CEBD6579420,2,43,10
431,0,0,1,51,A8032A18DB18,2,43,2
432,0,0,1,97,083AF294BC80,2,42,14
433,0,0,1,86,7C9EBD07EDAC,2,42,6
434,0,0,1,85,4CEBD6579420,2,42,10
435,0,0,1,51,A8032A18DB18,2,42,2
436,0,0,1,97,083AF294BC80,2,41,14
437,0,0,1,86,7C9EBD07EDAC,2,41,6
438,0,0,1,85,4CEBD6579420,2,41,10
439,0,0,1,51,A8032A18DB18,2,41,2
440,0,0,1,97,083AF294BC80,2,40,14
441,0,0,1,86,7C9EBD07EDAC,2,40,6
442,0,0,1,85,4CEBD6579420,2,40,10
443,0,0,1,51,A8032A18DB18,2,40,2
444,0,0,1,97,083AF294BC80,2,39,14
445,0,0,1,86,7C9EBD07EDAC,2,39,6
446,0,0,1,85,4CEBD6579420,2,39,10
447,0,0,1,51,A8032A18DB18,2,39,2
448,0,0,1,97,083AF294BC80,2,38,14
449,0,0,1,86,7C9EBD07EDAC,2,38,6
450,0,0,1,85,4CEBD6579420,2,38,10
451,0,0,1,51,A8032A18DB18,2,38,2
452,0,0,1,97,083AF294BC80,2,37,14
453,0,0,1,86,7C9EBD07EDAC,2,37,6
454,0,0,1,85,4CEBD6579420,2,37,10
455,0,0,1,51,A8032A18DB18,2,37,2
456,0,0,1,97,083AF294BC80,2,36,14
457,0,0,1,86,7C9EBD07EDAC,2,36,6
458,0,0,1,85,4CEBD6579420,2,36,10
459,0,0,1,51,A8032A18DB18,2,36,2
460,0,0,1,97,083AF294BC80,2,35,14
461,0,0,1,86,7C9EBD07EDAC,2,35,6
462,0,0,1,85,4CEBD6579420,2,35,10
463,0,0,1,51,A8032A18DB18,2,35,2
464,0,0,1,97,083AF294BC80,2,34,14
465,0,0,1,86,7C9EBD07EDAC,2,34,6
466,0,0,1,85,4CEBD6579420,2,34,10
467,0,0,1,51,A8032A18DB18,2,34,2
468,0,0,1,97,083AF294BC80,2,33,14
469,0,0,1,86,7C9EBD07EDAC,2,33,6
470,0,0,1,85,4CEBD6579420,2,33,10
471,0,0,1,51,A8032A18DB18,2,33,2
472,0,0,1,97,083AF294BC80,1,32,14
473,0,0,1,86,7C9EBD07EDAC,1,32,6
474,0,0,1,85,4CEBD6579420,1,32,10
475,0,0,1,51,A8032A18DB18,1,32,2
476,0,0,1,97,083AF294BC80,1,31,14
477,0,0,1,86,7C9EBD07EDAC,1,31,6
478,0,0,1,85,4CEBD6579420,1,31,10
479,0,0,1,51,A8032A18DB18,1,31,2
480,0,0,1,97,083AF294BC80,1,30,14
481,0,0,1,86,7C9EBD07EDAC,1,30,6
482,0,0,1,85,4CEBD6579420,1,30,10
483,0,0,1,51,A8032A18DB18,1,30,2
484,0,0,1,97,083AF294BC80,1,29,14
485,0,0,1,86,7C9EBD07EDAC,1,29,6
486,0,0,1,85,4CEBD6579420,1,29,10
487,0,0,1,51,A8032A18DB18,1,29,2
488,0,0,1,97,083AF294BC80,1,28,14
489,0,0,1,86,7C9EBD07EDAC,1,28,6
490,0,0,1,85,4CEBD6579420,1,28,10
491,0,0,1,51,A8032A18DB18,1,28,2
492,0,0,1,97,083AF294BC80,1,27,14
493,0,0,1,86,7C9EBD07EDAC,1,27,6
494,0,0,1,85,4CEBD6579420,1,27,10
495,0,0,1,51,A8032A18DB18,1,27,2
496,0,0,1,97,083AF294BC80,1,26,14
497,0,0,1,86,7C9EBD07EDAC,1,26,6
498,0,0,1,85,4CEBD6579420,1,26,10
499,0,0,1,51,A8032A18DB18,1,26,2
500,0,0,1,97,083AF294BC80,1,25,14
501,0,0,1,86,7C9EBD07EDAC,1,25,6
502,0,0,1,85,4CEBD6579420,1,25,10
503,0,0,1,51,A8032A18DB18,1,25,2
504,0,0,1,97,083AF294BC80,1,24,14
505,0,0,1,86,7C9EBD07EDAC,1,24,6
506,0,0,1,85,4CEBD6579420,1,24,10
507,0,0,1,51,A8032A18DB18,1,24,2
508,0,0,1,97,083AF294BC80,1,23,14
509,0,0,1,86,7C9EBD07EDAC,1,23,6
510,0,0,1,85,4CEBD6579420,1,23,10
511,0,0,1,51,A8032A18DB18,1,23,2
512,0,0,1,97,083AF294BC80,1,22,14
513,0,0,1,86,7C9EBD07EDAC,1,22,6
514,0,0,1,85,4CEBD6579420,1,22,10
515,0,0,1,51,A8032A18DB18,1,22,2
516,0,0,1,97,083AF294BC80,2,21,13
517,0,0,1,86,7C9EBD07EDAC,2,21,5
518,0,0,1,85,4CEBD6579420,2,21,9
519,0,0,1,51,A8032A18DB18,2,21,1
520,0,0,1,97,083AF294BC80,2,20,13
521,0,0,1,86,7C9EBD07EDAC,2,20,5
522,0,0,1,85,4CEBD6579420,2,20,9
523,0,0,1,51,A8032A18DB18,2,20,1
524,0,0,1,97,083AF294BC80,2,19,13
525,0,0,1,86,7C9EBD07EDAC,2,19,5
526,0,0,1,85,4CEBD6579420,2,19,9
527,0,0,1,51,A8032A18DB18,2,19,1
528,0,0,1,97,083AF294BC80,2,18,13
529,0,0,1,86,7C9EBD07EDAC,2,18,5
530,0,0,1,85,4CEBD6579420,2,18,9
531,0,0,1,51,A8032A18DB18,2,18,1
532,0,0,1,97,083AF294BC80,2,17,13
533,0,0,1,86,7C9EBD07EDAC,2,17,5
534,0,0,1,85,4CEBD6579420,2,17,9
535,0,0,1,51,A8032A18DB18,2,17,1
536,0,0,1,97,083AF294BC80,2,16,13
537,0,0,1,86,7C9EBD07EDAC,2,16,5
538,0,0,1,85,4CEBD6579420,2,16,9
539,0,0,1,51,A8032A18DB18,2,16,1
540,0,0,1,97,083AF294BC80,2,15,13
541,0,0,1,86,7C9EBD07EDAC,2,15,5
542,0,0,1,85,4CEBD6579420,2,15,9
543,0,0,1,51,A8032A18DB18,2,15,1
544,0,0,1,97,083AF294BC80,2,14,13
545,0,0,1,86,7C9EBD07EDAC,2,14,5
546,0,0,1,85,4CEBD6579420,2,14,9
547,0,0,1,51,A8032A18DB18,2,14,1
548,0,0,1,97,083AF294BC80,2,13,13
549,0,0,1,86,7C9EBD07EDAC,2,13,5
550,0,0,1,85,4CEBD6579420,2,13,9
551,0,0,1,51,A8032A18DB18,2,13,1
552,0,0,1,97,083AF294BC80,2,12,13
553,0,0,1,86,7C9EBD07EDAC,2,12,5
554,0,0,1,85,4CEBD6579420,2,12,9
555,0,0,1,51,A8032A18DB18,2,12,1
556,0,0,1,97,083AF294BC80,2,11,13
557,0,0,1,86,7C9EBD07EDAC,2,11,5
558,0,0,1,85,4CEBD6579420,2,11,9
559,0,0,1,51,A8032A18DB18,2,11,1
560,0,0,1,97,083AF294BC80,1,10,13
561,0,0,1,86,7C9EBD07EDAC,1,10,5
562,0,0,1,85,4CEBD6579420,1,10,9
563,0,0,1,51,A8032A18DB18,1,10,1
564,0,0,1,97,083AF294BC80,1,9,13
565,0,0,1,86,7C9EBD07EDAC,1,9,5
566,0,0,1,85,4CEBD6579420,1,9,9
567,0,0,1,51,A8032A18DB18,1,9,1
568,0,0,1,97,083AF294BC80,1,8,13
569,0,0,1,86,7C9EBD07EDAC,1,8,5
570,0,0,1,85,4CEBD6579420,1,8,9
571,0,0,1,51,A8032A18DB18,1,8,1
572,0,0,1,97,083AF294BC80,1,7,13
573,0,0,1,86,7C9EBD07EDAC,1,7,5
574,0,0,1,85,4CEBD6579420,1,7,9
575,0,0,1,51,A8032A18DB18,1,7,1
576,0,0,1,97,083AF294BC80,1,6,13
577,0,0,1,86,7C9EBD07EDAC,1,6,5
578,0,0,1,85,4CEBD6579420,1,6,9
579,0,0,1,51,A8032A18DB18,1,6,1
580,0,0,1,97,083AF294BC80,1,5,13
581,0,0,1,86,7C9EBD07EDAC,1,5,5
582,0,0,1,85,4CEBD6579420,1,5,9
583,0,0,1,51,A8032A18DB18,1,5,1
584,0,0,1,97,083AF294BC80,1,4,13
585,0,0,1,86,7C9EBD07EDAC,1,4,5
586,0,0,1,85,4CEBD6579420,1,4,9
587,0,0,1,51,A8032A18DB18,1,4,1
588,0,0,1,97,083AF294BC80,1,3,13
589,0,0,1,86,7C9EBD07EDAC,1,3,5
590,0,0,1,85,4CEBD6579420,1,3,9
591,0,0,1,51,A8032A18DB18,1,3,1
592,0,0,1,97,083AF294BC80,1,2,13
593,0,0,1,86,7C9EBD07EDAC,1,2,5
594,0,0,1,85,4CEBD6579420,1,2,9
595,0,0,1,51,A8032A18DB18,1,2,1
596,0,0,1,97,083AF294BC80,1,1,13
597,0,0,1,86,7C9EBD07EDAC,1,1,5
598,0,0,1,85,4CEBD6579420,1,1,9
599,0,0,1,51,A8032A18DB18,1,1,1
0,0,0,1,97,083AF294BC80,2,300,2
1,0,0,1,85,7C9EBD07EDAC,2,300,10
2,0,0,1,85,4CEBD6579420,2,300,6
3,0,0,1,51,A8032A18DB18,2,300,14
4,0,0,1,97,083AF294BC80,2,299,2
5,0,0,1,85,7C9EBD07EDAC,2,299,10
6,0,0,1,85,4CEBD6579420,2,299,6
7,0,0,1,51,A8032A18DB18,2,299,14
8,0,0,1,97,083AF294BC80,2,298,2
9,0,0,1,85,7C9EBD07EDAC,2,298,10
10,0,0,1,85,4CEBD6579420,2,298,6
11,0,0,1,51,A8032A18DB18,2,298,14
12,0,0,1,97,083AF294BC80,2,297,2
13,0,0,1,85,7C9EBD07EDAC,2,297,10
14,0,0,1,85,4CEBD6579420,2,297,6
15,0,0,1,51,A8032A18DB18,2,297,14
16,0,0,1,97,083AF294BC80,1,296,2
17,0,0,1,85,7C9EBD07EDAC,1,296,10
18,0,0,1,85,4CEBD6579420,1,296,6
19,0,0,1,51,A8032A18DB18,1,296,14
20,0,0,1,97,083AF294BC80,1,295,2
21,0,0,1,85,7C9EBD07EDAC,1,295,10
22,0,0,1,85,4CEBD6579420,1,295,6
23,0,0,1,51,A8032A18DB18,1,295,14
24,0,0,1,97,083AF294BC80,1,294,2
25,0,0,1,85,7C9EBD07EDAC,1,294,10
26,0,0,1,85,4CEBD6579420,1,294,6
27,0,0,1,51,A8032A18DB18,1,294,14
28,0,0,1,97,083AF294BC80,1,293,2
29,0,0,1,85,7C9EBD07EDAC,1,293,10
30,0,0,1,85,4CEBD6579420,1,293,6
31,0,0,1,51,A8032A18DB18,1,293,14
32,0,0,1,97,083AF294BC80,1,292,2
33,0,0,1,85,7C9EBD07EDAC,1,292,10
34,0,0,1,85,4CEBD6579420,1,292,6
35,0,0,1,51,A8032A18DB18,1,292,14
36,0,0,1,97,083AF294BC80,1,291,2
37,0,0,1,85,7C9EBD07EDAC,1,291,10
38,0,0,1,85,4CEBD6579420,1,291,6
39,0,0,1,51,A8032A18DB18,1,291,14
40,0,0,1,97,083AF294BC80,1,290,2
41,0,0,1,85,7C9EBD07EDAC,1,290,10
42,0,0,1,85,4CEBD6579420,1,290,6
43,0,0,1,51,A8032A18DB18,1,290,14
44,0,0,1,97,083AF294BC80,1,289,2
45,0,0,1,85,7C9EBD07EDAC,1,289,10
46,0,0,1,85,4CEBD6579420,1,289,6
47,0,0,1,51,A8032A18DB18,1,289,14
48,0,0,1,97,083AF294BC80,1,288,2
49,0,0,1,85,7C9EBD07EDAC,1,288,10
50,0,0,1,85,4CEBD6579420,1,288,6
51,0,0,1,51,A8032A18DB18,1,288,14
52,0,0,1,97,083AF294BC80,1,287,2
53,0,0,1,85,7C9EBD07EDAC,1,287,10
54,0,0,1,85,4CEBD6579420,1,287,6
55,0,0,1,51,A8032A18DB18,1,287,14
56,0,0,1,97,083AF294BC80,1,286,2
57,0,0,1,85,7C9EBD07EDAC,1,286,10
58,0,0,1,85,4CEBD6579420,1,286,6
59,0,0,1,51,A8032A18DB18,1,286,14
60,0,0,2,97,083AF294BC80,2,285,1
61,0,0,1,85,7C9EBD07EDAC,2,285,9
62,0,0,1,85,4CEBD6579420,2,285,5
63,0,0,1,51,A8032A18DB18,2,285,13
64,0,0,2,97,083AF294BC80,2,284,1
65,0,0,1,85,7C9EBD07EDAC,2,284,9
66,0,0,1,85,4CEBD6579420,2,284,5
67,0,0,1,51,A8032A18DB18,2,284,13
68,0,0,2,97,083AF294BC80,2,283,1
69,0,0,1,85,7C9EBD07EDAC,2,283,9
70,0,0,1,85,4CEBD6579420,2,283,5
71,0,0,1,51,A8032A18DB18,2,283,13
72,0,0,2,97,083AF294BC80,2,282,1
73,0,0,1,85,7C9EBD07EDAC,2,282,9
74,0,0,1,85,4CEBD6579420,2,282,5
75,0,0,1,51,A8032A18DB18,2,282,13
76,0,0,2,97,083AF294BC80,2,281,1
77,0,0,1,85,7C9EBD07EDAC,2,281,9
78,0,0,1,85,4CEBD6579420,2,281,5
79,0,0,1,51,A8032A18DB18,2,281,13
80,0,0,1,97,083AF294BC80,2,280,1
81,0,0,1,85,7C9EBD07EDAC,2,280,9
82,0,0,1,85,4CEBD6579420,2,280,5
83,0,0,1,51,A8032A18DB18,2,280,13
84,0,0,1,97,083AF294BC80,2,279,1
85,0,0,1,85,7C9EBD07EDAC,2,279,9
86,0,0,1,85,4CEBD6579420,2,279,5
87,0,0,1,51,A8032A18DB18,2,279,13
88,0,0,1,97,083AF294BC80,2,278,1
89,0,0,1,85,7C9EBD07EDAC,2,278,9
90,0,0,1,85,4CEBD6579420,2,278,5
91,0,0,1,51,A8032A18DB18,2,278,13
92,0,0,1,97,083AF294BC80,2,277,1
93,0,0,1,85,7C9EBD07EDAC,2,277,9
94,0,0,1,85,4CEBD6579420,2,277,5
95,0,0,1,51,A8032A18DB18,2,277,13
96,0,0,1,97,083AF294BC80,2,276,1
97,0,0,1,85,7C9EBD07EDAC,2,276,9
98,0,0,1,85,4CEBD6579420,2,276,5
99,0,0,1,51,A8032A18DB18,2,276,13
100,0,0,1,97,083AF294BC80,2,275,1
101,0,0,1,85,7C9EBD07EDAC,2,275,9
102,0,0,1,85,4CEBD6579420,2,275,5
103,0,0,1,51,A8032A18DB18,2,275,13
104,0,0,2,97,083AF294BC80,1,274,1
105,0,0,1,85,7C9EBD07EDAC,1,274,9
106,0,0,1,85,4CEBD6579420,1,274,5
107,0,0,1,51,A8032A18DB18,1,274,13
108,0,0,2,97,083AF294BC80,1,273,1
109,0,0,1,85,7C9EBD07EDAC,1,273,9
110,0,0,1,85,4CEBD6579420,1,273,5
111,0,0,1,51,A8032A18DB18,1,273,13
112,0,0,2,97,083AF294BC80,1,272,1
113,0,0,1,85,7C9EBD07EDAC,1,272,9
114,0,0,1,85,4CEBD6579420,1,272,5
115,0,0,1,51,A8032A18DB18,1,272,13
116,0,0,2,97,083AF294BC80,1,271,1
117,0,0,1,85,7C9EBD07EDAC,1,271,9
118,0,0,1,85,4CEBD6579420,1,271,5
119,0,0,1,51,A8032A18DB18,1,271,13
120,0,0,2,97,083AF294BC80,1,270,1
121,0,0,1,85,7C9EBD07EDAC,1,270,9
122,0,0,1,85,4CEBD6579420,1,270,5
123,0,0,1,51,A8032A18DB18,1,270,13
124,0,0,1,97,083AF294BC80,1,269,1
125,0,0,1,85,7C9EBD07EDAC,1,269,9
126,0,0,1,85,4CEBD6579420,1,269,5
127,0,0,1,51,A8032A18DB18,1,269,13
128,0,0,1,97,083AF294BC80,1,268,1
129,0,0,1,85,7C9EBD07EDAC,1,268,9
130,0,0,1,85,4CEBD6579420,1,268,5
131,0,0,1,51,A8032A18DB18,1,268,13
132,0,0,1,97,083AF294BC80,1,267,1
133,0,0,1,85,7C9EBD07EDAC,1,267,9
134,0,0,1,85,4CEBD6579420,1,267,5
135,0,0,1,51,A8032A18DB18,1,267,13
136,0,0,1,97,083AF294BC80,1,266,1
137,0,0,1,85,7C9EBD07EDAC,1,266,9
138,0,0,1,85,4CEBD6579420,1,266,5
139,0,0,1,51,A8032A18DB18,1,266,13
140,0,0,1,97,083AF294BC80,1,265,1
141,0,0,1,85,7C9EBD07EDAC,1,265,9
142,0,0,1,85,4CEBD6579420,1,265,5
143,0,0,1,51,A8032A18DB18,1,265,13
144,0,0,1,97,083AF294BC80,1,264,1
145,0,0,1,85,7C9EBD07EDAC,1,264,9
146,0,0,1,85,4CEBD6579420,1,264,5
147,0,0,1,51,A8032A18DB18,1,264,13
148,0,0,1,97,083AF294BC80,2,263,8
149,0,0,1,85,7C9EBD07EDAC,2,263,16
150,0,0,1,85,4CEBD6579420,2,263,4
151,0,0,1,51,A8032A18DB18,2,263,12
152,0,0,1,97,083AF294BC80,2,262,8
153,0,0,1,85,7C9EBD07EDAC,2,262,16
154,0,0,1,85,4CEBD6579420,2,262,4
155,0,0,1,51,A8032A18DB18,2,262,12
156,0,0,1,97,083AF294BC80,2,261,8
157,0,0,1,85,7C9EBD07EDAC,2,261,16
158,0,0,1,85,4CEBD6579420,2,261,4
159,0,0,1,51,A8032A18DB18,2,261,12
160,0,0,1,97,083AF294BC80,2,260,8
161,0,0,1,85,7C9EBD07EDAC,2,260,16
162,0,0,1,85,4CEBD6579420,2,260,4
163,0,0,1,51,A8032A18DB18,2,260,12
164,0,0,1,97,083AF294BC80,2,259,8
165,0,0,1,85,7C9EBD07EDAC,2,259,16
166,0,0,1,85,4CEBD6579420,2,259,4
167,0,0,1,51,A8032A18DB18,2,259,12
168,0,0,1,97,083AF294BC80,2,258,8
169,0,0,1,85,7C9EBD07EDAC,2,258,16
170,0,0,1,85,4CEBD6579420,2,258,4
171,0,0,1,51,A8032A18DB18,2,258,12
172,0,0,1,97,083AF294BC80,2,257,8
173,0,0,1,85,7C9EBD07EDAC,2,257,16
174,0,0,1,85,4CEBD6579420,2,257,4
175,0,0,1,51,A8032A18DB18,2,257,12
176,0,0,1,97,083AF294BC80,2,256,8
177,0,0,1,85,7C9EBD07EDAC,2,256,16
178,0,0,1,85,4CEBD6579420,2,256,4
179,0,0,1,51,A8032A18DB18,2,256,12
180,0,0,1,97,083AF294BC80,2,255,8
181,0,0,1,85,7C9EBD07EDAC,2,255,16
182,0,0,1,85,4CEBD6579420,2,255,4
183,0,0,1,51,A8032A18DB18,2,255,12
184,0,0,1,97,083AF294BC80,2,254,8
185,0,0,1,85,7C9EBD07EDAC,2,254,16
186,0,0,1,85,4CEBD6579420,2,254,4
187,0,0,1,51,A8032A18DB18,2,254,12
188,0,0,1,97,083AF294BC80,2,253,8
189,0,0,1,85,7C9EBD07EDAC,2,253,16
190,0,0,1,85,4CEBD6579420,2,253,4
191,0,0,1,51,A8032A18DB18,2,253,12
192,0,0,1,97,083AF294BC80,1,252,8
193,0,0,1,85,7C9EBD07EDAC,1,252,16
194,0,0,1,85,4CEBD6579420,1,252,4
195,0,0,1,51,A8032A18DB18,1,252,12
196,0,0,1,97,083AF294BC80,1,251,8
197,0,0,1,85,7C9EBD07EDAC,1,251,16
198,0,0,1,85,4CEBD6579420,1,251,4
199,0,0,1,51,A8032A18DB18,1,251,12
200,0,0,1,97,083AF294BC80,1,250,8
201,0,0,1,85,7C9EBD07EDAC,1,250,16
202,0,0,1,85,4CEBD6579420,1,250,4
203,0,0,1,51,A8032A18DB18,1,250,12
204,0,0,1,97,083AF294BC80,1,249,8
205,0,0,1,85,7C9EBD07EDAC,1,249,16
206,0,0,1,85,4CEBD6579420,1,249,4
207,0,0,1,51,A8032A18DB18,1,249,12
208,0,0,1,97,083AF294BC80,1,248,8
209,0,0,1,85,7C9EBD07EDAC,1,248,16
210,0,0,1,85,4CEBD6579420,1,248,4
211,0,0,1,51,A8032A18DB18,1,248,12
212,0,0,1,97,083AF294BC80,1,247,8
213,0,0,1,85,7C9EBD07EDAC,1,247,16
214,0,0,1,85,4CEBD6579420,1,247,4
215,0,0,1,51,A8032A18DB18,1,247,12
216,0,0,1,97,083AF294BC80,1,246,8
217,0,0,1,85,7C9EBD07EDAC,1,246,16
218,0,0,1,85,4CEBD6579420,1,246,4
219,0,0,1,51,A8032A18DB18,1,246,12
220,0,0,1,97,083AF294BC80,1,245,8
221,0,0,1,85,7C9EBD07EDAC,1,245,16
222,0,0,1,85,4CEBD6579420,1,245,4
223,0,0,1,51,A8032A18DB18,1,245,12
224,0,0,1,97,083AF294BC80,1,244,8
225,0,0,1,85,7C9EBD07EDAC,1,244,16
226,0,0,1,85,4CEBD6579420,1,244,4
227,0,0,1,51,A8032A18DB18,1,244,12
228,0,0,1,97,083AF294BC80,1,243,8
229,0,0,1,85,7C9EBD07EDAC,1,243,16
230,0,0,1,85,4CEBD6579420,1,243,4
231,0,0,1,51,A8032A18DB18,1,243,12
232,0,0,1,97,083AF294BC80,1,242,8
233,0,0,1,85,7C9EBD07EDAC,1,242,16
234,0,0,1,85,4CEBD6579420,1,242,4
235,0,0,1,51,A8032A18DB18,1,242,12
236,0,0,1,97,083AF294BC80,2,241,7
237,0,0,1,85,7C9EBD07EDAC,2,241,15
238,0,0,1,85,4CEBD6579420,2,241,3
239,0,0,1,51,A8032A18DB18,2,241,11
240,0,0,1,97,083AF294BC80,2,240,7
241,0,0,1,85,7C9EBD07EDAC,2,240,15
242,0,0,1,85,4CEBD6579420,2,240,3
243,0,0,1,51,A8032A18DB18,2,240,11
244,0,0,1,97,083AF294BC80,2,239,7
245,0,0,1,85,7C9EBD07EDAC,2,239,15
246,0,0,1,85,4CEBD6579420,2,239,3
247,0,0,1,51,A8032A18DB18,2,239,11
248,0,0,1,97,083AF294BC80,2,238,7
249,0,0,1,85,7C9EBD07EDAC,2,238,15
250,0,0,1,85,4CEBD6579420,2,238,3
251,0,0,1,51,A8032A18DB18,2,238,11
252,0,0,1,97,083AF294BC80,2,237,7
253,0,0,1,85,7C9EBD07EDAC,2,237,15
254,0,0,1,85,4CEBD6579420,2,237,3
255,0,0,1,51,A8032A18DB18,2,237,11
256,0,0,1,97,083AF294BC80,2,236,7
257,0,0,1,85,7C9EBD07EDAC,2,236,15
258,0,0,1,85,4CEBD6579420,2,236,3
259,0,0,1,51,A8032A18DB18,2,236,11
260,0,0,1,97,083AF294BC80,2,235,7
261,0,0,1,85,7C9EBD07EDAC,2,235,15
262,0,0,1,85,4CEBD6579420,2,235,3
263,0,0,1,51,A8032A18DB18,2,235,11
264,0,0,1,97,083AF294BC80,2,234,7
265,0,0,1,85,7C9EBD07EDAC,2,234,15
266,0,0,1,85,4CEBD6579420,2,234,3
267,0,0,1,51,A8032A18DB18,2,234,11
268,0,0,1,97,083AF294BC80,2,233,7
269,0,0,1,85,7C9EBD07EDAC,2,233,15
270,0,0,1,85,4CEBD6579420,2,233,3
271,0,0,1,51,A8032A18DB18,2,233,11
272,0,0,1,97,083AF294BC80,2,232,7
273,0,0,1,85,7C9EBD07EDAC,2,232,15
274,0,0,1,85,4CEBD6579420,2,232,3
275,0,0,1,51,A8032A18DB18,2,232,11
276,0,0,1,97,083AF294BC80,2,231,7
277,0,0,1,85,7C9EBD07EDAC,2,231,15
278,0,0,1,85,4CEBD6579420,2,231,3
279,0,0,1,51,A8032A18DB18,2,231,11
280,0,0,1,97,083AF294BC80,1,230,7
281,0,0,1,85,7C9EBD07EDAC,1,230,15
282,0,0,1,85,4CEBD6579420,1,230,3
283,0,0,1,51,A8032A18DB18,1,230,11
284,0,0,1,97,083AF294BC80,1,229,7
285,0,0,1,85,7C9EBD07EDAC,1,229,15
286,0,0,1,85,4CEBD6579420,1,229,3
287,0,0,1,51,A8032A18DB18,1,229,11
288,0,0,1,97,083AF294BC80,1,228,7
289,0,0,1,85,7C9EBD07EDAC,1,228,15
290,0,0,1,85,4CEBD6579420,1,228,3
291,0,0,1,51,A8032A18DB18,1,228,11
292,0,0,1,97,083AF294BC80,1,227,7
293,0,0,1,85,7C9EBD07EDAC,1,227,15
294,0,0,1,85,4CEBD6579420,1,227,3
295,0,0,1,51,A8032A18DB18,1,227,11
296,0,0,1,97,083AF294BC80,1,226,7
297,0,0,1,85,7C9EBD07EDAC,1,226,15
298,0,0,1,85,4CEBD6579420,1,226,3
299,0,0,1,51,A8032A18DB18,1,226,11
300,0,0,1,97,083AF294BC80,1,225,7
301,0,0,1,85,7C9EBD07EDAC,1,225,15
302,0,0,1,85,4CEBD6579420,1,225,3
303,0,0,1,51,A8032A18DB18,1,225,11
304,0,0,1,97,083AF294BC80,1,224,7
305,0,0,1,85,7C9EBD07EDAC,1,224,15
306,0,0,1,85,4CEBD6579420,1,224,3
307,0,0,1,51,A8032A18DB18,1,224,11
308,0,0,1,97,083AF294BC80,1,223,7
309,0,0,1,85,7C9EBD07EDAC,1,223,15
310,0,0,1,85,4CEBD6579420,1,223,3
311,0,0,1,51,A8032A18DB18,1,223,11
312,0,0,1,97,083AF294BC80,1,222,7
313,0,0,1,85,7C9EBD07EDAC,1,222,15
314,0,0,1,85,4CEBD6579420,1,222,3
315,0,0,1,51,A8032A18DB18,1,222,11
316,0,0,1,97,083AF294BC80,1,221,7
317,0,0,1,85,7C9EBD07EDAC,1,221,15
318,0,0,1,85,4CEBD6579420,1,221,3
319,0,0,1,51,A8032A18DB18,1,221,11
320,0,0,1,97,083AF294BC80,1,220,7
321,0,0,1,85,7C9EBD07EDAC,1,220,15
322,0,0,1,85,4CEBD6579420,1,220,3
323,0,0,1,51,A8032A18DB18,1,220,11
324,0,0,1,97,083AF294BC80,2,219,6
325,0,0,1,85,7C9EBD07EDAC,2,219,14
326,0,0,1,85,4CEBD6579420,2,219,2
327,0,0,1,51,A8032A18DB18,2,219,10
328,0,0,1,97,083AF294BC80,2,218,6
329,0,0,1,85,7C9EBD07EDAC,2,218,14
330,0,0,1,85,4CEBD6579420,2,218,2
331,0,0,1,51,A8032A18DB18,2,218,10
332,0,0,1,97,083AF294BC80,2,217,6
333,0,0,1,85,7C9EBD07EDAC,2,217,14
334,0,0,1,85,4CEBD6579420,2,217,2
335,0,0,1,51,A8032A18DB18,2,217,10
336,0,0,1,97,083AF294BC80,2,216,6
337,0,0,1,85,7C9EBD07EDAC,2,216,14
338,0,0,1,85,4CEBD6579420,2,216,2
339,0,0,1,51,A8032A18DB18,2,216,10
340,0,0,1,97,083AF294BC80,2,215,6
341,0,0,1,85,7C9EBD07EDAC,2,215,14
342,0,0,1,85,4CEBD6579420,2,215,2
343,0,0,1,51,A8032A18DB18,2,215,10
344,0,0,1,97,083AF294BC80,2,214,6
345,0,0,1,85,7C9EBD07EDAC,2,214,14
346,0,0,1,85,4CEBD6579420,2,214,2
347,0,0,1,51,A8032A18DB18,2,214,10
348,0,0,1,97,083AF294BC80,2,213,6
349,0,0,1,85,7C9EBD07EDAC,2,213,14
350,0,0,1,85,4CEBD6579420,2,213,2
351,0,0,1,51,A8032A18DB18,2,213,10
352,0,0,1,97,083AF294BC80,2,212,6
353,0,0,1,85,7C9EBD07EDAC,2,212,14
354,0,0,1,85,4CEBD6579420,2,212,2
355,0,0,1,51,A8032A18DB18,2,212,10
356,0,0,1,97,083AF294BC80,2,211,6
357,0,0,1,85,7C9EBD07EDAC,2,211,14
358,0,0,1,85,4CEBD6579420,2,211,2
359,0,0,1,51,A8032A18DB18,2,211,10
360,0,0,1,97,083AF294BC80,2,210,6
361,0,0,1,85,7C9EBD07EDAC,2,210,14
362,0,0,1,85,4CEBD6579420,2,210,2
363,0,0,1,51,A8032A18DB18,2,210,10
364,0,0,1,97,083AF294BC80,2,209,6
365,0,0,1,85,7C9EBD07EDAC,2,209,14
366,0,0,1,85,4CEBD6579420,2,209,2
367,0,0,1,51,A8032A18DB18,2,209,10
368,0,0,1,97,083AF294BC80,1,208,6
369,0,0,1,85,7C9EBD07EDAC,1,208,14
370,0,0,1,85,4CEBD6579420,1,208,2
371,0,0,1,51,A8032A18DB18,1,208,10
372,0,0,1,97,083AF294BC80,1,207,6
373,0,0,1,85,7C9EBD07EDAC,1,207,14
374,0,0,1,85,4CEBD6579420,1,207,2
375,0,0,1,51,A8032A18DB18,1,207,10
376,0,0,1,97,083AF294BC80,1,206,6
377,0,0,1,85,7C9EBD07EDAC,1,206,14
378,0,0,1,85,4CEBD6579420,1,206,2
379,0,0,1,51,A8032A18DB18,1,206,10
380,0,0,1,97,083AF294BC80,1,205,6
381,0,0,1,85,7C9EBD07EDAC,1,205,14
382,0,0,1,85,4CEBD6579420,1,205,2
383,0,0,1,51,A8032A18DB18,1,205,10
384,0,0,1,97,083AF294BC80,1,204,6
385,0,0,1,85,7C9EBD07EDAC,1,204,14
386,0,0,1,85,4CEBD6579420,1,204,2
387,0,0,1,51,A8032A18DB18,1,204,10
388,0,0,1,97,083AF294BC80,1,203,6
389,0,0,1,85,7C9EBD07EDAC,1,203,14
390,0,0,1,85,4CEBD6579420,1,203,2
391,0,0,1,51,A8032A18DB18,1,203,10
392,0,0,1,97,083AF294BC80,1,202,6
393,0,0,1,85,7C9EBD07EDAC,1,202,14
394,0,0,1,85,4CEBD6579420,1,202,2
395,0,0,1,51,A8032A18DB18,1,202,10
396,0,0,1,97,083AF294BC80,1,201,6
397,0,0,1,85,7C9EBD07EDAC,1,201,14
398,0,0,1,85,4CEBD6579420,1,201,2
399,0,0,1,51,A8032A18DB18,1,201,10
400,0,0,1,97,083AF294BC80,1,200,6
401,0,0,1,85,7C9EBD07EDAC,1,200,14
402,0,0,1,85,4CEBD6579420,1,200,2
403,0,0,1,51,A8032A18DB18,1,200,10
404,0,0,1,97,083AF294BC80,1,199,6
405,0,0,1,85,7C9EBD07EDAC,1,199,14
406,0,0,1,85,4CEBD6579420,1,199,2
407,0,0,1,51,A8032A18DB18,1,199,10
408,0,0,1,97,083AF294BC80,1,198,6
409,0,0,1,85,7C9EBD07EDAC,1,198,14
410,0,0,1,85,4CEBD6579420,1,198,2
411,0,0,1,51,A8032A18DB18,1,198,10
412,0,0,1,97,083AF294BC80,2,197,5
413,0,0,1,85,7C9EBD07EDAC,2,197,13
414,0,0,2,85,4CEBD6579420,2,197,1
415,0,0,1,51,A8032A18DB18,2,197,9
416,0,0,1,97,083AF294BC80,2,196,5
417,0,0,1,85,7C9EBD07EDAC,2,196,13
418,0,0,2,85,4CEBD6579420,2,196,1
419,0,0,1,51,A8032A18DB18,2,196,9
420,0,0,1,97,083AF294BC80,2,195,5
421,0,0,1,85,7C9EBD07EDAC,2,195,13
422,0,0,1,85,4CEBD6579420,2,195,1
423,0,0,1,51,A8032A18DB18,2,195,9
424,0,0,1,97,083AF294BC80,2,194,5
425,0,0,1,85,7C9EBD07EDAC,2,194,13
426,0,0,1,85,4CEBD6579420,2,194,1
427,0,0,1,51,A8032A18DB18,2,194,9
428,0,0,1,97,083AF294BC80,2,193,5
429,0,0,1,85,7C9EBD07EDAC,2,193,13
430,0,0,1,85,4CEBD6579420,2,193,1
431,0,0,1,51,A8032A18DB18,2,193,9
432,0,0,1,97,083AF294BC80,2,192,5
433,0,0,1,85,7C9EBD07EDAC,2,192,13
434,0,0,1,85,4CEBD6579420,2,192,1
435,0,0,1,51,A8032A18DB18,2,192,9
436,0,0,1,97,083AF294BC80,2,191,5
437,0,0,1,85,7C9EBD07EDAC,2,191,13
438,0,0,1,85,4CEBD6579420,2,191,1
439,0,0,1,51,A8032A18DB18,2,191,9
440,0,0,1,97,083AF294BC80,2,190,5
441,0,0,1,85,7C9EBD07EDAC,2,190,13
442,0,0,1,85,4CEBD6579420,2,190,1
443,0,0,1,51,A8032A18DB18,2,190,9
444,0,0,1,97,083AF294BC80,2,189,5
445,0,0,1,85,7C9EBD07EDAC,2,189,13
446,0,0,1,85,4CEBD6579420,2,189,1
447,0,0,1,51,A8032A18DB18,2,189,9
448,0,0,1,97,083AF294BC80,2,188,5
449,0,0,1,85,7C9EBD07EDAC,2,188,13
450,0,0,1,85,4CEBD6579420,2,188,1
451,0,0,1,51,A8032A18DB18,2,188,9
452,0,0,1,97,083AF294BC80,2,187,5
453,0,0,1,85,7C9EBD07EDAC,2,187,13
454,0,0,1,85,4CEBD6579420,2,187,1
455,0,0,1,51,A8032A18DB18,2,187,9
456,0,0,1,97,083AF294BC80,1,186,5
457,0,0,1,85,7C9EBD07EDAC,1,186,13
458,0,0,2,85,4CEBD6579420,1,186,1
459,0,0,1,51,A8032A18DB18,1,186,9
460,0,0,1,97,083AF294BC80,1,185,5
461,0,0,1,85,7C9EBD07EDAC,1,185,13
462,0,0,2,85,4CEBD6579420,1,185,1
463,0,0,1,51,A8032A18DB18,1,185,9
464,0,0,1,97,083AF294BC80,1,184,5
465,0,0,1,85,7C9EBD07EDAC,1,184,13
466,0,0,2,85,4CEBD6579420,1,184,1
467,0,0,1,51,A8032A18DB18,1,184,9
468,0,0,1,97,083AF294BC80,1,183,5
469,0,0,1,85,7C9EBD07EDAC,1,183,13
470,0,0,2,85,4CEBD6579420,1,183,1
471,0,0,1,51,A8032A18DB18,1,183,9
472,0,0,1,97,083AF294BC80,1,182,5
473,0,0,1,85,7C9EBD07EDAC,1,182,13
474,0,0,2,85,4CEBD6579420,1,182,1
475,0,0,1,51,A8032A18DB18,1,182,9
476,0,0,1,97,083AF294BC80,1,181,5
477,0,0,1,85,7C9EBD07EDAC,1,181,13
478,0,0,2,85,4CEBD6579420,1,181,1
479,0,0,1,51,A8032A18DB18,1,181,9
480,0,0,1,97,083AF294BC80,1,180,5
481,0,0,1,85,7C9EBD07EDAC,1,180,13
482,0,0,2,85,4CEBD6579420,1,180,1
483,0,0,1,51,A8032A18DB18,1,180,9
484,0,0,1,97,083AF294BC80,1,179,5
485,0,0,1,85,7C9EBD07EDAC,1,179,13
486,0,0,1,85,4CEBD6579420,1,179,1
487,0,0,1,51,A8032A18DB18,1,179,9
488,0,0,1,97,083AF294BC80,1,178,5
489,0,0,1,85,7C9EBD07EDAC,1,178,13
490,0,0,1,85,4CEBD6579420,1,178,1
491,0,0,1,51,A8032A18DB18,1,178,9
492,0,0,1,97,083AF294BC80,1,177,5
493,0,0,1,85,7C9EBD07EDAC,1,177,13
494,0,0,1,85,4CEBD6579420,1,177,1
495,0,0,1,51,A8032A18DB18,1,177,9
496,0,0,1,97,083AF294BC80,1,176,5
497,0,0,1,85,7C9EBD07EDAC,1,176,13
498,0,0,1,85,4CEBD6579420,1,176,1
499,0,0,1,51,A8032A18DB18,1,176,9
500,0,0,1,97,083AF294BC80,2,175,12
501,0,0,1,85,7C9EBD07EDAC,2,175,4
502,0,0,1,85,4CEBD6579420,2,175,16
503,0,0,1,51,A8032A18DB18,2,175,8
504,0,0,1,97,083AF294BC80,2,174,12
505,0,0,1,85,7C9EBD07EDAC,2,174,4
506,0,0,1,85,4CEBD6579420,2,174,16
507,0,0,1,51,A8032A18DB18,2,174,8
508,0,0,1,97,083AF294BC80,2,173,12
509,0,0,1,85,7C9EBD07EDAC,2,173,4
510,0,0,1,85,4CEBD6579420,2,173,16
511,0,0,1,51,A8032A18DB18,2,173,8
512,0,0,1,97,083AF294BC80,2,172,12
513,0,0,1,85,7C9EBD07EDAC,2,172,4
514,0,0,1,85,4CEBD6579420,2,172,16
515,0,0,1,51,A8032A18DB18,2,172,8
516,0,0,1,97,083AF294BC80,2,171,12
517,0,0,1,85,7C9EBD07EDAC,2,171,4
518,0,0,1,85,4CEBD6579420,2,171,16
519,0,0,1,51,A8032A18DB18,2,171,8
520,0,0,1,97,083AF294BC80,2,170,12
521,0,0,1,85,7C9EBD07EDAC,2,170,4
522,0,0,1,85,4CEBD6579420,2,170,16
523,0,0,1,51,A8032A18DB18,2,170,8
524,0,0,1,97,083AF294BC80,2,169,12
525,0,0,1,85,7C9EBD07EDAC,2,169,4
526,0,0,1,85,4CEBD6579420,2,169,16
527,0,0,1,51,A8032A18DB18,2,169,8
528,0,0,1,97,083AF294BC80,2,168,12
529,0,0,1,85,7C9EBD07EDAC,2,168,4
530,0,0,1,85,4CEBD6579420,2,168,16
531,0,0,1,51,A8032A18DB18,2,168,8
532,0,0,1,97,083AF294BC80,2,167,12
533,0,0,1,85,7C9EBD07EDAC,2,167,4
534,0,0,1,85,4CEBD6579420,2,167,16
535,0,0,1,51,A8032A18DB18,2,167,8
536,0,0,1,97,083AF294BC80,2,166,12
537,0,0,1,85,7C9EBD07EDAC,2,166,4
538,0,0,1,85,4CEBD6579420,2,166,16
539,0,0,1,51,A8032A18DB18,2,166,8
540,0,0,1,97,083AF294BC80,2,165,12
541,0,0,1,85,7C9EBD07EDAC,2,165,4
542,0,0,1,85,4CEBD6579420,2,165,16
543,0,0,1,51,A8032A18DB18,2,165,8
544,0,0,1,97,083AF294BC80,1,164,12
545,0,0,1,85,7C9EBD07EDAC,1,164,4
546,0,0,1,85,4CEBD6579420,1,164,16
547,0,0,1,51,A8032A18DB18,1,164,8
548,0,0,1,97,083AF294BC80,1,163,12
549,0,0,1,85,7C9EBD07EDAC,1,163,4
550,0,0,1,85,4CEBD6579420,1,163,16
551,0,0,1,51,A8032A18DB18,1,163,8
552,0,0,1,97,083AF294BC80,1,162,12
553,0,0,1,85,7C9EBD07EDAC,1,162,4
554,0,0,1,85,4CEBD6579420,1,162,16
555,0,0,1,51,A8032A18DB18,1,162,8
556,0,0,1,97,083AF294BC80,1,161,12
557,0,0,1,85,7C9EBD07EDAC,1,161,4
558,0,0,1,85,4CEBD6579420,1,161,16
559,0,0,1,51,A8032A18DB18,1,161,8
560,0,0,1,97,083AF294BC80,1,160,12
561,0,0,1,85,7C9EBD07EDAC,1,160,4
562,0,0,1,85,4CEBD6579420,1,160,16
563,0,0,1,51,A8032A18DB18,1,160,8
564,0,0,1,97,083AF294BC80,1,159,12
565,0,0,1,85,7C9EBD07EDAC,1,159,4
566,0,0,1,85,4CEBD6579420,1,159,16
567,0,0,1,51,A8032A18DB18,1,159,8
568,0,0,1,97,083AF294BC80,1,158,12
569,0,0,1,85,7C9EBD07EDAC,1,158,4
570,0,0,1,85,4CEBD6579420,1,158,16
571,0,0,1,51,A8032A18DB18,1,158,8
572,0,0,1,97,083AF294BC80,1,157,12
573,0,0,1,85,7C9EBD07EDAC,1,157,4
574,0,0,1,85,4CEBD6579420,1,157,16
575,0,0,1,51,A8032A18DB18,1,157,8
576,0,0,1,97,083AF294BC80,1,156,12
577,0,0,1,85,7C9EBD07EDAC,1,156,4
578,0,0,1,85,4CEBD6579420,1,156,16
579,0,0,1,51,A8032A18DB18,1,156,8
580,0,0,1,97,083AF294BC80,1,155,12
581,0,0,1,85,7C9EBD07EDAC,1,155,4
582,0,0,1,85,4CEBD6579420,1,155,16
583,0,0,1,51,A8032A18DB18,1,155,8
584,0,0,1,97,083AF294BC80,1,154,12
585,0,0,1,85,7C9EBD07EDAC,1,154,4
586,0,0,1,85,4CEBD6579420,1,154,16
587,0,0,1,51,A8032A18DB18,1,154,8
588,0,0,1,97,083AF294BC80,2,153,11
589,0,0,1,85,7C9EBD07EDAC,2,153,3
590,0,0,1,85,4CEBD6579420,2,153,15
591,0,0,1,51,A8032A18DB18,2,153,7
592,0,0,1,97,083AF294BC80,2,152,11
593,0,0,1,85,7C9EBD07EDAC,2,152,3
594,0,0,1,85,4CEBD6579420,2,152,15
595,0,0,1,51,A8032A18DB18,2,152,7
596,0,0,1,97,083AF294BC80,2,151,11
597,0,0,1,85,7C9EBD07EDAC,2,151,3
598,0,0,1,85,4CEBD6579420,2,151,15
599,0,0,1,51,A8032A18DB18,2,151,7
0,0,0,1,97,083AF294BC80,2,351,4
1,0,0,1,85,7C9EBD07EDAC,2,351,12
2,0,0,1,85,4CEBD6579420,2,351,8
3,0,0,1,51,A8032A18DB18,2,351,16
4,0,0,1,97,083AF294BC80,2,350,4
5,0,0,1,85,7C9EBD07EDAC,2,350,12
6,0,0,1,85,4CEBD6579420,2,350,8
7,0,0,1,51,A8032A18DB18,2,350,16
8,0,0,1,97,083AF294BC80,2,349,4
9,0,0,1,85,7C9EBD07EDAC,2,349,12
10,0,0,1,85,4CEBD6579420,2,349,8
11,0,0,1,51,A8032A18DB18,2,349,16
12,0,0,1,97,083AF294BC80,2,348,4
13,0,0,1,85,7C9EBD07EDAC,2,348,12
14,0,0,1,85,4CEBD6579420,2,348,8
15,0,0,1,51,A8032A18DB18,2,348,16
16,0,0,1,97,083AF294BC80,2,347,4
17,0,0,1,85,7C9EBD07EDAC,2,347,12
18,0,0,1,85,4CEBD6579420,2,347,8
19,0,0,1,51,A8032A18DB18,2,347,16
20,0,0,1,97,083AF294BC80,2,346,4
21,0,0,1,85,7C9EBD07EDAC,2,346,12
22,0,0,1,85,4CEBD6579420,2,346,8
23,0,0,1,51,A8032A18DB18,2,346,16
24,0,0,1,97,083AF294BC80,2,345,4
25,0,0,1,85,7C9EBD07EDAC,2,345,12
26,0,0,1,85,4CEBD6579420,2,345,8
27,0,0,1,51,A8032A18DB18,2,345,16
28,0,0,1,97,083AF294BC80,2,344,4
29,0,0,1,85,7C9EBD07EDAC,2,344,12
30,0,0,1,85,4CEBD6579420,2,344,8
31,0,0,1,51,A8032A18DB18,2,344,16
32,0,0,1,97,083AF294BC80,2,343,4
33,0,0,1,85,7C9EBD07EDAC,2,343,12
34,0,0,1,85,4CEBD6579420,2,343,8
35,0,0,1,51,A8032A18DB18,2,343,16
36,0,0,1,97,083AF294BC80,2,342,4
37,0,0,1,85,7C9EBD07EDAC,2,342,12
38,0,0,1,85,4CEBD6579420,2,342,8
39,0,0,1,51,A8032A18DB18,2,342,16
40,0,0,1,97,083AF294BC80,2,341,4
41,0,0,1,85,7C9EBD07EDAC,2,341,12
42,0,0,1,85,4CEBD6579420,2,341,8
43,0,0,1,51,A8032A18DB18,2,341,16
44,0,0,1,97,083AF294BC80,1,340,4
45,0,0,1,85,7C9EBD07EDAC,1,340,12
46,0,0,1,85,4CEBD6579420,1,340,8
47,0,0,1,51,A8032A18DB18,1,340,16
48,0,0,1,97,083AF294BC80,1,339,4
49,0,0,1,85,7C9EBD07EDAC,1,339,12
50,0,0,1,85,4CEBD6579420,1,339,8
51,0,0,1,51,A8032A18DB18,1,339,16
52,0,0,1,97,083AF294BC80,1,338,4
53,0,0,1,85,7C9EBD07EDAC,1,338,12
54,0,0,1,85,4CEBD6579420,1,338,8
55,0,0,1,51,A8032A18DB18,1,338,16
56,0,0,1,97,083AF294BC80,1,337,4
57,0,0,1,85,7C9EBD07EDAC,1,337,12
58,0,0,1,85,4CEBD6579420,1,337,8
59,0,0,1,51,A8032A18DB18,1,337,16
60,0,0,1,97,083AF294BC80,1,336,4
61,0,0,1,85,7C9EBD07EDAC,1,336,12
62,0,0,1,85,4CEBD6579420,1,336,8
63,0,0,1,51,A8032A18DB18,1,336,16
64,0,0,1,97,083AF294BC80,1,335,4
65,0,0,1,85,7C9EBD07EDAC,1,335,12
66,0,0,1,85,4CEBD6579420,1,335,8
67,0,0,1,51,A8032A18DB18,1,335,16
68,0,0,1,97,083AF294BC80,1,334,4
69,0,0,1,85,7C9EBD07EDAC,1,334,12
70,0,0,1,85,4CEBD6579420,1,334,8
71,0,0,1,51,A8032A18DB18,1,334,16
72,0,0,1,97,083AF294BC80,1,333,4
73,0,0,1,85,7C9EBD07EDAC,1,333,12
74,0,0,1,85,4CEBD6579420,1,333,8
75,0,0,1,51,A8032A18DB18,1,333,16
76,0,0,1,97,083AF294BC80,1,332,4
77,0,0,1,85,7C9EBD07EDAC,1,332,12
78,0,0,1,85,4CEBD6579420,1,332,8
79,0,0,1,51,A8032A18DB18,1,332,16
80,0,0,1,97,083AF294BC80,1,331,4
81,0,0,1,85,7C9EBD07EDAC,1,331,12
82,0,0,1,85,4CEBD6579420,1,331,8
83,0,0,1,51,A8032A18DB18,1,331,16
84,0,0,1,97,083AF294BC80,1,330,4
85,0,0,1,85,7C9EBD07EDAC,1,330,12
86,0,0,1,85,4CEBD6579420,1,330,8
87,0,0,1,51,A8032A18DB18,1,330,16
88,0,0,1,97,083AF294BC80,2,329,3
89,0,0,1,85,7C9EBD07EDAC,2,329,11
90,0,0,1,85,4CEBD6579420,2,329,7
91,0,0,1,51,A8032A18DB18,2,329,15
92,0,0,1,97,083AF294BC80,2,328,3
93,0,0,1,85,7C9EBD07EDAC,2,328,11
94,0,0,1,85,4CEBD6579420,2,328,7
95,0,0,1,51,A8032A18DB18,2,328,15
96,0,0,1,97,083AF294BC80,2,327,3
97,0,0,1,85,7C9EBD07EDAC,2,327,11
98,0,0,1,85,4CEBD6579420,2,327,7
99,0,0,1,51,A8032A18DB18,2,327,15
100,0,0,1,97,083AF294BC80,2,326,3
101,0,0,1,85,7C9EBD07EDAC,2,326,11
102,0,0,1,85,4CEBD6579420,2,326,7
103,0,0,1,51,A8032A18DB18,2,326,15
104,0,0,1,97,083AF294BC80,2,325,3
105,0,0,1,85,7C9EBD07EDAC,2,325,11
106,0,0,1,85,4CEBD6579420,2,325,7
107,0,0,1,51,A8032A18DB18,2,325,15
108,0,0,1,97,083AF294BC80,2,324,3
109,0,0,1,85,7C9EBD07EDAC,2,324,11
110,0,0,1,85,4CEBD6579420,2,324,7
111,0,0,1,51,A8032A18DB18,2,324,15
112,0,0,1,97,083AF294BC80,2,323,3
113,0,0,1,85,7C9EBD07EDAC,2,323,11
114,0,0,1,85,4CEBD6579420,2,323,7
115,0,0,1,51,A8032A18DB18,2,323,15
116,0,0,1,97,083AF294BC80,2,322,3
117,0,0,1,85,7C9EBD07EDAC,2,322,11
118,0,0,1,85,4CEBD6579420,2,322,7
119,0,0,1,51,A8032A18DB18,2,322,15
120,0,0,1,97,083AF294BC80,2,321,3
121,0,0,1,85,7C9EBD07EDAC,2,321,11
122,0,0,1,85,4CEBD6579420,2,321,7
123,0,0,1,51,A8032A18DB18,2,321,15
124,0,0,1,97,083AF294BC80,2,320,3
125,0,0,1,85,7C9EBD07EDAC,2,320,11
126,0,0,1,85,4CEBD6579420,2,320,7
127,0,0,1,51,A8032A18DB18,2,320,15
128,0,0,1,97,083AF294BC80,2,319,3
129,0,0,1,85,7C9EBD07EDAC,2,319,11
130,0,0,1,85,4CEBD6579420,2,319,7
131,0,0,1,51,A8032A18DB18,2,319,15
132,0,0,1,97,083AF294BC80,1,318,3
133,0,0,1,85,7C9EBD07EDAC,1,318,11
134,0,0,1,85,4CEBD6579420,1,318,7
135,0,0,1,51,A8032A18DB18,1,318,15
136,0,0,1,97,083AF294BC80,1,317,3
137,0,0,1,85,7C9EBD07EDAC,1,317,11
138,0,0,1,85,4CEBD6579420,1,317,7
139,0,0,1,51,A8032A18DB18,1,317,15
140,0,0,1,97,083AF294BC80,1,316,3
141,0,0,1,85,7C9EBD07EDAC,1,316,11
142,0,0,1,85,4CEBD6579420,1,316,7
143,0,0,1,51,A8032A18DB18,1,316,15
144,0,0,1,97,083AF294BC80,1,315,3
145,0,0,1,85,7C9EBD07EDAC,1,315,11
146,0,0,1,85,4CEBD6579420,1,315,7
147,0,0,1,51,A8032A18DB18,1,315,15
148,0,0,1,97,083AF294BC80,1,314,3
149,0,0,1,85,7C9EBD07EDAC,1,314,11
150,0,0,1,85,4CEBD6579420,1,314,7
151,0,0,1,51,A8032A18DB18,1,314,15
152,0,0,1,97,083AF294BC80,1,313,3
153,0,0,1,85,7C9EBD07EDAC,1,313,11
154,0,0,1,85,4CEBD6579420,1,313,7
155,0,0,1,51,A8032A18DB18,1,313,15
156,0,0,1,97,083AF294BC80,1,312,3
157,0,0,1,85,7C9EBD07EDAC,1,312,11
158,0,0,1,85,4CEBD6579420,1,312,7
159,0,0,1,51,A8032A18DB18,1,312,15
160,0,0,1,97,083AF294BC80,1,311,3
161,0,0,1,85,7C9EBD07EDAC,1,311,11
162,0,0,1,85,4CEBD6579420,1,311,7
163,0,0,1,51,A8032A18DB18,1,311,15
164,0,0,1,97,083AF294BC80,1,310,3
165,0,0,1,85,7C9EBD07EDAC,1,310,11
166,0,0,1,85,4CEBD6579420,1,310,7
167,0,0,1,51,A8032A18DB18,1,310,15
168,0,0,1,97,083AF294BC80,1,309,3
169,0,0,1,85,7C9EBD07EDAC,1,309,11
170,0,0,1,85,4CEBD6579420,1,309,7
171,0,0,1,51,A8032A18DB18,1,309,15
172,0,0,1,97,083AF294BC80,1,308,3
173,0,0,1,85,7C9EBD07EDAC,1,308,11
174,0,0,1,85,4CEBD6579420,1,308,7
175,0,0,1,51,A8032A18DB18,1,308,15
176,0,0,1,97,083AF294BC80,2,307,2
177,0,0,1,85,7C9EBD07EDAC,2,307,10
178,0,0,1,85,4CEBD6579420,2,307,6
179,0,0,1,51,A8032A18DB18,2,307,14
180,0,0,1,97,083AF294BC80,2,306,2
181,0,0,1,85,7C9EBD07EDAC,2,306,10
182,0,0,1,85,4CEBD6579420,2,306,6
183,0,0,1,51,A8032A18DB18,2,306,14
184,0,0,1,97,083AF294BC80,2,305,2
185,0,0,1,85,7C9EBD07EDAC,2,305,10
186,0,0,1,85,4CEBD6579420,2,305,6
187,0,0,1,51,A8032A18DB18,2,305,14
188,0,0,1,97,083AF294BC80,2,304,2
189,0,0,1,85,7C9EBD07EDAC,2,304,10
190,0,0,1,85,4CEBD6579420,2,304,6
191,0,0,1,51,A8032A18DB18,2,304,14
192,0,0,1,97,083AF294BC80,2,303,2
193,0,0,1,85,7C9EBD07EDAC,2,303,10
194,0,0,1,85,4CEBD6579420,2,303,6
195,0,0,1,51,A8032A18DB18,2,303,14
196,0,0,1,97,083AF294BC80,2,302,2
197,0,0,1,85,7C9EBD07EDAC,2,302,10
198,0,0,1,85,4CEBD6579420,2,302,6
199,0,0,1,51,A8032A18DB18,2,302,14
200,0,0,1,97,083AF294BC80,2,301,2
201,0,0,1,85,7C9EBD07EDAC,2,301,10
202,0,0,1,85,4CEBD6579420,2,301,6
203,0,0,1,51,A8032A18DB18,2,301,14
