,volts,amps,power,sysstatus,timestamp,M_ID
780,13.53,0.018,0.2,11100000_00010000,0.010913849,_M_00005
781,13.52,0.014,0.2,11100000_00010000,0.037783384,_M_00005
782,13.52,0.012,0.2,11100000_00010000,0.071617126,_M_00005
783,13.53,0.012,0.2,11100000_00010000,0.104721546,_M_00005
784,13.53,0.012,0.1,11100000_00010000,0.138788223,_M_00005
785,13.53,0.012,0.2,11100000_00010000,0.17190671,_M_00005
786,13.53,0.014,0.2,11100000_00010000,0.204754114,_M_00005
787,13.53,0.014,0.2,11100000_00010000,0.237670898,_M_00005
788,13.53,0.014,0.2,11100000_00010000,0.270622015,_M_00005
789,13.52,0.014,0.2,11100000_00010000,0.304586887,_M_00005
790,13.52,0.018,0.2,11100000_00010000,0.337573528,_M_00005
791,13.52,0.012,0.2,11100000_00010000,0.371206284,_M_00005
792,13.52,0.016,0.2,11100000_00010000,0.404901028,_M_00005
793,13.53,0.014,0.2,11100000_00010000,0.437878132,_M_00005
794,13.53,0.016,0.2,11100000_00010000,0.470692158,_M_00005
795,13.53,0.016,0.2,11100000_00010000,0.504946709,_M_00005
796,13.53,0.012,0.2,11100000_00010000,0.53775239,_M_00005
797,13.52,-0.01,0.1,10100000_00010000,0.574233055,_M_00005
798,13.53,0.01,0.2,11100000_00010000,0.604878664,_M_00005
799,13.53,0.014,0.2,11100000_00010000,0.637979746,_M_00005
800,13.52,0.014,0.2,11100000_00010000,0.670880318,_M_00005
801,13.53,0.014,0.2,11100000_00010000,0.704612255,_M_00005
802,13.53,0.014,0.2,11100000_00010000,0.738190174,_M_00005
803,13.53,0.016,0.2,11100000_00010000,0.773207426,_M_00005
804,13.53,0.014,0.2,11100000_00010000,0.804873228,_M_00005
805,13.53,0.012,0.2,11100000_00010000,0.83763361,_M_00005
806,13.53,0.014,0.2,11100000_00010000,0.871638298,_M_00005
807,13.53,-0.016,0.2,10100000_00010000,0.9043715,_M_00005
808,13.53,0.012,0.2,11100000_00010000,0.938036203,_M_00005
809,13.53,0.012,0.2,11100000_00010000,0.97220993,_M_00005
810,13.53,0.016,0.2,11100000_00010000,1.004242182,_M_00005
811,13.53,0.014,0.2,11100000_00010000,1.037636757,_M_00005
812,13.53,0.012,0.2,11100000_00010000,1.070866108,_M_00005
813,13.53,0.014,0.2,11100000_00010000,1.104754925,_M_00005
814,13.53,0.016,0.2,11100000_00010000,1.138338804,_M_00005
815,13.53,0.014,0.2,11100000_00010000,1.171215296,_M_00005
816,13.52,0.012,0.2,11100000_00010000,1.203399658,_M_00005
817,13.53,0.014,0.2,11100000_00010000,1.238115311,_M_00005
818,13.52,0.016,0.2,11100000_00010000,1.271042109,_M_00005
819,13.53,0.012,0.2,11100000_00010000,1.304246187,_M_00005
820,13.53,0.014,0.1,11100000_00010000,1.337967873,_M_00005
821,13.44,1.801,22,11100000_00010000,1.371567965,_M_00005
822,13.32,5.107,66.9,11100000_00010000,1.4045825,_M_00005
823,13.21,7.986,104.9,11100000_00010000,1.437594652,_M_00005
824,13.12,9.949,130.6,11100000_00010000,1.471269846,_M_00005
825,13.12,10.022,131.6,11100000_00010000,1.504250288,_M_00005
826,13.12,10.02,131.6,11100000_00010000,1.540772676,_M_00005
827,13.12,10.02,131.6,11100000_00010000,1.570997953,_M_00005
828,13.12,10.022,131.6,11100000_00010000,1.60463357,_M_00005
829,13.12,10.018,131.5,11100000_00010000,1.637579203,_M_00005
830,13.12,10.018,131.5,11100000_00010000,1.671374559,_M_00005
831,13.12,10.018,131.5,11100000_00010000,1.704975128,_M_00005
832,13.12,10.018,131.5,11100000_00010000,1.739927053,_M_00005
833,13.12,10.02,131.6,11100000_00010000,1.770951509,_M_00005
834,13.12,10.02,131.6,11100000_00010000,1.804965734,_M_00005
835,13.12,10.02,131.6,11100000_00010000,1.837979317,_M_00005
836,13.12,10.02,131.5,11100000_00010000,1.871003151,_M_00005
837,13.12,10.02,131.6,11100000_00010000,1.904601336,_M_00005
838,13.12,10.02,131.6,11100000_00010000,1.938955545,_M_00005
839,13.12,10.02,131.6,11100000_00010000,1.970961332,_M_00005
720,13.12,10.02,131.6,11100000_00010000,2.004262686,_M_00005
721,13.12,10.018,131.5,11100000_00010000,2.037109137,_M_00005
722,13.12,10.022,131.6,11100000_00010000,2.071776152,_M_00005
723,13.12,10.018,131.5,11100000_00010000,2.10439992,_M_00005
724,13.12,10.02,131.5,11100000_00010000,2.138614893,_M_00005
725,13.12,10.018,131.6,11100000_00010000,2.171584368,_M_00005
726,13.12,10.022,131.6,11100000_00010000,2.204560995,_M_00005
727,13.12,10.02,131.6,11100000_00010000,2.238161325,_M_00005
728,13.12,10.02,131.6,11100000_00010000,2.271461487,_M_00005
729,13.12,10.018,131.5,11100000_00010000,2.304404259,_M_00005
730,13.12,10.022,131.6,11100000_00010000,2.338163376,_M_00005
731,13.12,10.018,131.5,11100000_00010000,2.371063948,_M_00005
732,13.12,10.018,131.5,11100000_00010000,2.405078173,_M_00005
733,13.12,10.02,131.6,11100000_00010000,2.437925816,_M_00005
734,13.12,10.022,131.6,11100000_00010000,2.470665216,_M_00005
735,13.12,10.022,131.6,11100000_00010000,2.507553577,_M_00005
736,13.12,10.022,131.6,11100000_00010000,2.537592173,_M_00005
737,13.12,10.024,131.6,11100000_00010000,2.570909262,_M_00005
738,13.12,10.02,131.6,11100000_00010000,2.604802847,_M_00005
739,13.12,10.018,131.5,11100000_00010000,2.637717009,_M_00005
740,13.12,10.02,131.6,11100000_00010000,2.670666218,_M_00005
741,13.12,10.02,131.5,11100000_00010000,2.706495523,_M_00005
742,13.12,10.018,131.5,11100000_00010000,2.737519026,_M_00005
743,13.12,10.02,131.5,11100000_00010000,2.771522284,_M_00005
744,13.12,10.02,131.5,11100000_00010000,2.804479599,_M_00005
745,13.12,10.018,131.5,11100000_00010000,2.837495804,_M_00005
746,13.12,10.02,131.6,11100000_00010000,2.870956659,_M_00005
747,13.12,10.02,131.5,11100000_00010000,2.905596495,_M_00005
748,13.12,10.024,131.6,11100000_00010000,2.937605858,_M_00005
749,13.12,10.018,131.5,11100000_00010000,2.971599579,_M_00005
750,13.12,10.02,131.6,11100000_00010000,3.004616499,_M_00005
751,13.12,10.022,131.6,11100000_00010000,3.037624598,_M_00005
752,13.12,10.018,131.5,11100000_00010000,3.071625471,_M_00005
753,13.12,10.022,131.6,11100000_00010000,3.104652405,_M_00005
754,13.12,10.02,131.6,11100000_00010000,3.137651443,_M_00005
755,13.12,10.022,131.5,11100000_00010000,3.171549082,_M_00005
756,13.12,10.022,131.6,11100000_00010000,3.20460701,_M_00005
757,13.12,10.02,131.6,11100000_00010000,3.237609148,_M_00005
758,13.12,10.02,131.5,11100000_00010000,3.271630764,_M_00005
759,13.12,10.018,131.5,11100000_00010000,3.304630041,_M_00005
760,13.12,10.02,131.5,11100000_00010000,3.337655544,_M_00005
761,13.12,10.02,131.6,11100000_00010000,3.371682405,_M_00005
762,13.12,10.02,131.5,11100000_00010000,3.40437007,_M_00005
763,13.12,10.02,131.6,11100000_00010000,3.437286615,_M_00005
764,13.12,10.018,131.5,11100000_00010000,3.473936558,_M_00005
765,13.12,10.022,131.6,11100000_00010000,3.504444838,_M_00005
766,13.12,10.02,131.5,11100000_00010000,3.537343025,_M_00005
767,13.12,10.016,131.5,11100000_00010000,3.571311712,_M_00005
768,13.12,10.02,131.5,11100000_00010000,3.604302645,_M_00005
769,13.12,10.02,131.6,11100000_00010000,3.63831687,_M_00005
770,13.12,10.02,131.6,11100000_00010000,3.673143625,_M_00005
771,13.12,10.02,131.6,11100000_00010000,3.704295397,_M_00005
772,13.12,10.018,131.5,11100000_00010000,3.738494396,_M_00005
773,13.12,10.02,131.5,11100000_00010000,3.771389484,_M_00005
774,13.12,10.018,131.5,11100000_00010000,3.804376602,_M_00005
775,13.12,10.018,131.5,11100000_00010000,3.837365866,_M_00005
776,13.12,10.02,131.6,11100000_00010000,3.872199297,_M_00005
777,13.12,10.022,131.6,11100000_00010000,3.904299498,_M_00005
778,13.12,10.02,131.5,11100000_00010000,3.938317537,_M_00005
779,13.12,10.02,131.5,11100000_00010000,3.971351147,_M_00005
660,13.12,10.014,131.5,11100000_00010000,4.004388332,_M_00005
661,13.64,-4.045,-39.3,10100000_00000000,4.037561178,_M_00005
662,13.73,-4.979,-68.4,10100000_00000000,4.071445465,_M_00005
663,13.73,-4.971,-68.3,10100000_00000000,4.104398012,_M_00005
664,13.73,-4.981,-68.4,10100000_00000000,4.13744688,_M_00005
665,13.73,-4.975,-68.3,10100000_00000000,4.171424866,_M_00005
666,13.73,-4.973,-68.3,10100000_00000000,4.204385042,_M_00005
667,13.73,-4.979,-68.3,10100000_00000000,4.237467527,_M_00005
668,13.73,-4.979,-68.3,10100000_00000000,4.271455288,_M_00005
669,13.73,-4.975,-68.3,10100000_00000000,4.304386139,_M_00005
670,13.73,-4.975,-68.3,10100000_00000000,4.337376833,_M_00005
671,13.73,-4.977,-68.3,10100000_00000000,4.37137723,_M_00005
672,13.73,-4.971,-68.2,10100000_00000000,4.404393435,_M_00005
673,13.73,-4.979,-68.4,10100000_00000000,4.437452793,_M_00005
674,13.73,-4.975,-68.3,10100000_00000000,4.471479177,_M_00005
675,13.73,-4.977,-68.3,10100000_00000000,4.504407883,_M_00005
676,13.73,-4.971,-68.3,10100000_00000000,4.537380934,_M_00005
677,13.73,-4.979,-68.4,10100000_00000000,4.571381092,_M_00005
678,13.73,-4.973,-68.2,10100000_00000000,4.604374886,_M_00005
679,13.73,-4.981,-68.4,10100000_00000000,4.639439344,_M_00005
680,13.73,-4.975,-68.3,10100000_00000000,4.671332598,_M_00005
681,13.73,-4.977,-68.3,10100000_00000000,4.704351425,_M_00005
682,13.73,-4.975,-68.3,10100000_00000000,4.737333775,_M_00005
683,13.73,-4.977,-68.3,10100000_00000000,4.771309137,_M_00005
684,13.73,-4.977,-68.3,10100000_00000000,4.804352999,_M_00005
685,13.73,-4.981,-68.4,10100000_00000000,4.838816404,_M_00005
686,13.73,-4.971,-68.3,10100000_00000000,4.870811939,_M_00005
687,13.73,-4.979,-68.3,10100000_00000000,4.904825926,_M_00005
688,13.73,-4.977,-68.3,10100000_00000000,4.936850786,_M_00005
689,13.73,-4.973,-68.2,10100000_00000000,4.970913887,_M_00005
690,13.73,-4.979,-68.3,10100000_00000000,5.004940271,_M_00005
691,13.73,-4.981,-68.4,10100000_00000000,5.03794241,_M_00005
692,13.73,-4.977,-68.3,10100000_00000000,5.070868015,_M_00005
693,13.73,-4.977,-68.3,10100000_00000000,5.104871035,_M_00005
694,13.73,-4.977,-68.3,10100000_00000000,5.137874365,_M_00005
695,13.73,-4.973,-68.3,10100000_00000000,5.170893192,_M_00005
696,13.73,-4.979,-68.4,10100000_00000000,5.204944134,_M_00005
697,13.73,-4.977,-68.3,10100000_00000000,5.237927675,_M_00005
698,13.73,-4.977,-68.3,10100000_00000000,5.27096343,_M_00005
699,13.73,-4.975,-68.3,10100000_00000000,5.304926634,_M_00005
700,13.73,-4.979,-68.3,10100000_00000000,5.337853432,_M_00005
701,13.73,-4.973,-68.3,10100000_00000000,5.370848894,_M_00005
702,13.73,-4.977,-68.3,10100000_00000000,5.407073498,_M_00005
703,13.73,-4.975,-68.3,10100000_00000000,5.438049316,_M_00005
704,13.73,-4.979,-68.3,10100000_00000000,5.471051455,_M_00005
705,13.73,-4.977,-68.3,10100000_00000000,5.504050732,_M_00005
706,13.73,-4.977,-68.3,10100000_00000000,5.538349628,_M_00005
707,13.73,-4.977,-68.3,10100000_00000000,5.571369886,_M_00005
708,13.73,-4.979,-68.4,10100000_00000000,5.606360674,_M_00005
709,13.73,-4.975,-68.3,10100000_00000000,5.637379169,_M_00005
710,13.73,-4.979,-68.4,10100000_00000000,5.671329975,_M_00005
711,13.73,-4.973,-68.3,10100000_00000000,5.704348326,_M_00005
712,13.73,-4.977,-68.3,10100000_00000000,5.737344503,_M_00005
713,13.73,-4.977,-68.3,10100000_00000000,5.771330118,_M_00005
714,13.73,-4.979,-68.4,10100000_00000000,5.805380106,_M_00005
715,13.73,-4.971,-68.2,10100000_00000000,5.837362766,_M_00005
716,13.73,-4.975,-68.3,10100000_00000000,5.871332169,_M_00005
717,13.73,-4.975,-68.3,10100000_00000000,5.904340982,_M_00005
718,13.71,-4.975,-68.3,10100000_00000000,5.937322617,_M_00005
719,13.73,-4.981,-68.4,10100000_00000000,5.971110582,_M_00005
600,13.73,-4.981,-68.4,10100000_00000000,6.004420519,_M_00005
601,13.73,-4.975,-68.3,10100000_00000000,6.037411213,_M_00005
602,13.73,-4.975,-68.3,10100000_00000000,6.071386099,_M_00005
603,13.73,-4.981,-68.4,10100000_00000000,6.104379654,_M_00005
604,13.73,-4.975,-68.3,10100000_00000000,6.137417793,_M_00005
605,13.73,-4.979,-68.3,10100000_00000000,6.171471834,_M_00005
606,13.73,-4.973,-68.3,10100000_00000000,6.204424858,_M_00005
607,13.73,-4.975,-68.3,10100000_00000000,6.237606525,_M_00005
608,13.73,-4.973,-68.3,10100000_00000000,6.271542788,_M_00005
609,13.73,-4.979,-68.3,10100000_00000000,6.304487467,_M_00005
610,13.73,-4.973,-68.3,10100000_00000000,6.337541103,_M_00005
611,13.73,-4.977,-68.3,10100000_00000000,6.37356925,_M_00005
612,13.73,-4.975,-68.3,10100000_00000000,6.404665709,_M_00005
613,13.73,-4.981,-68.4,10100000_00000000,6.43764472,_M_00005
614,13.73,-4.975,-68.3,10100000_00000000,6.471539497,_M_00005
615,13.73,-4.979,-68.3,10100000_00000000,6.503746271,_M_00005
616,13.73,-4.979,-68.3,10100000_00000000,6.53766942,_M_00005
617,13.73,-4.983,-68.4,10100000_00000000,6.573030472,_M_00005
618,13.73,-4.971,-68.3,10100000_00000000,6.604672909,_M_00005
619,13.73,-4.979,-68.4,10100000_00000000,6.637673855,_M_00005
620,13.73,-4.977,-68.3,10100000_00000000,6.670672178,_M_00005
621,13.73,-4.975,-68.3,10100000_00000000,6.704694748,_M_00005
622,13.73,-4.983,-68.4,10100000_00000000,6.737700224,_M_00005
623,13.73,-4.979,-68.3,10100000_00000000,6.772051334,_M_00005
624,13.73,-4.975,-68.3,10100000_00000000,6.804183483,_M_00005
625,13.73,-4.971,-68.3,10100000_00000000,6.838152409,_M_00005
626,13.73,-4.977,-68.3,10100000_00000000,6.871126652,_M_00005
627,13.73,-4.975,-68.3,10100000_00000000,6.904356956,_M_00005
628,13.73,-4.979,-68.4,10100000_00000000,6.937255144,_M_00005
629,13.73,-4.977,-68.3,10100000_00000000,6.971288204,_M_00005
630,13.73,-4.977,-68.3,10100000_00000000,7.003861904,_M_00005
631,13.73,-4.973,-68.3,10100000_00000000,7.037281036,_M_00005
632,13.73,-4.981,-68.4,10100000_00000000,7.071291924,_M_00005
633,13.73,-4.969,-68.2,10100000_00000000,7.104364157,_M_00005
634,13.73,-4.979,-68.3,10100000_00000000,7.137307167,_M_00005
635,13.73,-4.973,-68.3,10100000_00000000,7.171559334,_M_00005
636,13.73,-4.981,-68.4,10100000_00000000,7.204512358,_M_00005
637,13.73,-4.977,-68.3,10100000_00000000,7.237334967,_M_00005
638,13.73,-4.977,-68.3,10100000_00000000,7.271339655,_M_00005
639,13.73,-4.973,-68.3,10100000_00000000,7.304354429,_M_00005
640,13.73,-4.979,-68.4,10100000_00000000,7.340292931,_M_00005
641,13.73,-4.973,-68.3,10100000_00000000,7.371262312,_M_00005
642,13.73,-4.979,-68.4,10100000_00000000,7.404366732,_M_00005
643,13.73,-4.973,-68.3,10100000_00000000,7.437389135,_M_00005
644,13.73,-4.977,-68.3,10100000_00000000,7.471389294,_M_00005
645,13.73,-4.977,-68.3,10100000_00000000,7.504419804,_M_00005
646,13.71,-4.981,-68.3,10100000_00000000,7.539641619,_M_00005
647,13.73,-4.975,-68.3,10100000_00000000,7.571541548,_M_00005
648,13.73,-4.975,-68.3,10100000_00000000,7.6044631,_M_00005
649,13.73,-4.977,-68.3,10100000_00000000,7.636501074,_M_00005
650,13.73,-4.979,-68.3,10100000_00000000,7.670599699,_M_00005
651,13.71,-4.975,-68.3,10100000_00000000,7.704564571,_M_00005
652,13.73,-4.975,-68.3,10100000_00000000,7.7388165,_M_00005
653,13.73,-4.975,-68.3,10100000_00000000,7.771720886,_M_00005
654,13.73,-4.975,-68.3,10100000_00000000,7.804771662,_M_00005
655,13.73,-4.981,-68.4,10100000_00000000,7.837640524,_M_00005
656,13.73,-4.973,-68.3,10100000_00000000,7.871522665,_M_00005
657,13.73,-4.979,-68.4,10100000_00000000,7.904456377,_M_00005
658,13.73,-4.979,-68.3,10100000_00000000,7.937799692,_M_00005
659,13.73,-4.977,-68.3,10100000_00000000,7.970858574,_M_00005
540,13.73,-4.975,-68.3,10100000_00000000,8.004883051,_M_00005
541,13.73,-4.983,-68.4,10100000_00000000,8.037852287,_M_00005
542,13.73,-4.971,-68.2,10100000_00000000,8.070009232,_M_00005
543,13.73,-4.977,-68.3,10100000_00000000,8.103321791,_M_00005
544,13.73,-4.975,-68.3,10100000_00000000,8.138334036,_M_00005
545,13.71,-4.979,-68.3,10100000_00000000,8.171344519,_M_00005
546,13.73,-4.977,-68.3,10100000_00000000,8.204384565,_M_00005
547,13.73,-4.975,-68.3,10100000_00000000,8.237380266,_M_00005
548,13.73,-4.979,-68.3,10100000_00000000,8.270992279,_M_00005
549,13.73,-4.981,-68.4,10100000_00000000,8.307399988,_M_00005
550,13.71,-4.973,-68.2,10100000_00000000,8.338314056,_M_00005
551,13.73,-4.979,-68.4,10100000_00000000,8.371284246,_M_00005
552,13.73,-4.975,-68.3,10100000_00000000,8.404388666,_M_00005
553,13.73,-4.977,-68.3,10100000_00000000,8.437417746,_M_00005
554,13.73,-4.977,-68.3,10100000_00000000,8.471420527,_M_00005
555,13.73,-4.981,-68.4,10100000_00000000,8.505641699,_M_00005
556,13.73,-4.973,-68.3,10100000_00000000,8.537568808,_M_00005
557,13.73,-4.977,-68.3,10100000_00000000,8.571521044,_M_00005
558,13.73,-4.977,-68.3,10100000_00000000,8.60447526,_M_00005
559,13.73,-4.973,-68.3,10100000_00000000,8.637654305,_M_00005
560,13.73,-4.977,-68.3,10100000_00000000,8.671613932,_M_00005
561,13.73,-4.979,-68.3,10100000_00000000,8.705414772,_M_00005
562,13.71,-4.977,-68.3,10100000_00000000,8.737415314,_M_00005
563,13.73,-4.973,-68.3,10100000_00000000,8.771400928,_M_00005
564,13.73,-4.981,-68.4,10100000_00000000,8.804416895,_M_00005
565,13.73,-4.973,-68.3,10100000_00000000,8.837417841,_M_00005
566,13.73,-4.979,-68.4,10100000_00000000,8.871365547,_M_00005
567,13.73,-4.977,-68.3,10100000_00000000,8.904417753,_M_00005
568,13.73,-4.977,-68.3,10100000_00000000,8.938176155,_M_00005
569,13.73,-4.971,-68.2,10100000_00000000,8.971115589,_M_00005
570,13.69,5.665,-54.2,11100000_00000000,9.004120827,_M_00005
571,11.71,44.609,522.6,11100000_00010000,9.037422657,_M_00005
572,11.71,45.016,527.4,11100000_00010000,9.071428061,_M_00005
573,11.7,45.014,527.3,11100000_00010000,9.104441643,_M_00005
574,11.7,45.012,527.1,11100000_00010000,9.136513472,_M_00005
575,13.23,-21.923,88.8,10100000_00010000,9.171482801,_M_00005
576,13.71,-4.979,-68.3,10100000_00000000,9.204407692,_M_00005
577,13.73,-4.973,-68.3,10100000_00000000,9.23756671,_M_00005
578,13.73,-4.977,-68.3,10100000_00000000,9.273732901,_M_00005
579,13.73,-4.973,-68.2,10100000_00000000,9.304732084,_M_00005
580,13.73,-4.979,-68.3,10100000_00000000,9.337729216,_M_00005
581,13.73,-4.977,-68.3,10100000_00000000,9.370728731,_M_00005
582,13.73,-4.975,-68.3,10100000_00000000,9.403368235,_M_00005
583,13.73,-4.977,-68.3,10100000_00000000,9.437306166,_M_00005
584,13.73,-4.977,-68.3,10100000_00000000,9.472620964,_M_00005
585,13.73,-4.977,-68.3,10100000_00000000,9.504490614,_M_00005
586,13.73,-4.975,-68.3,10100000_00000000,9.537540913,_M_00005
587,13.73,-4.979,-68.3,10100000_00000000,9.571620464,_M_00005
588,13.73,-4.973,-68.3,10100000_00000000,9.604561567,_M_00005
589,13.73,-4.977,-68.3,10100000_00000000,9.637609005,_M_00005
590,13.73,-4.977,-68.3,10100000_00000000,9.671722174,_M_00005
591,13.73,-4.977,-68.3,10100000_00000000,9.704293489,_M_00005
592,13.73,-4.975,-68.3,10100000_00000000,9.73826313,_M_00005
593,13.73,-4.977,-68.3,10100000_00000000,9.771329165,_M_00005
594,13.73,-4.975,-68.3,10100000_00000000,9.804279566,_M_00005
595,13.73,-4.979,-68.3,10100000_00000000,9.837854624,_M_00005
596,13.73,-4.975,-68.3,10100000_00000000,9.870701075,_M_00005
597,13.73,-4.979,-68.3,10100000_00000000,9.90459013,_M_00005
598,13.73,-4.975,-68.3,10100000_00000000,9.93743515,_M_00005
599,13.73,-4.981,-68.4,10100000_00000000,9.971850157,_M_00005
480,13.73,-4.979,-68.4,10100000_00000000,10.00490117,_M_00005
481,13.73,-4.975,-68.3,10100000_00000000,10.03786635,_M_00005
482,13.73,-4.973,-68.3,10100000_00000000,10.07111764,_M_00005
483,13.73,-4.979,-68.3,10100000_00000000,10.10489631,_M_00005
484,13.73,-4.973,-68.3,10100000_00000000,10.13779569,_M_00005
485,13.73,-4.977,-68.3,10100000_00000000,10.17078686,_M_00005
486,13.73,-4.979,-68.4,10100000_00000000,10.20477271,_M_00005
487,13.73,-4.983,-68.4,10100000_00000000,10.24081421,_M_00005
488,13.73,-4.975,-68.3,10100000_00000000,10.27116799,_M_00005
489,13.73,-4.977,-68.3,10100000_00000000,10.3041966,_M_00005
490,13.73,-4.977,-68.3,10100000_00000000,10.33739138,_M_00005
491,13.73,-4.973,-68.3,10100000_00000000,10.37140799,_M_00005
492,13.73,-4.983,-68.4,10100000_00000000,10.4047308,_M_00005
493,13.73,-4.979,-68.3,10100000_00000000,10.43891072,_M_00005
494,13.73,-4.979,-68.3,10100000_00000000,10.47092867,_M_00005
495,13.73,-4.973,-68.3,10100000_00000000,10.50463057,_M_00005
496,13.73,-4.977,-68.3,10100000_00000000,10.53742647,_M_00005
497,13.73,-4.975,-68.3,10100000_00000000,10.57080865,_M_00005
498,13.73,-4.983,-68.4,10100000_00000000,10.60441732,_M_00005
499,13.73,-4.975,-68.3,10100000_00000000,10.6387794,_M_00005
500,13.73,-4.977,-68.3,10100000_00000000,10.67080402,_M_00005
501,13.73,-4.971,-68.2,10100000_00000000,10.70481586,_M_00005
502,13.73,-4.977,-68.3,10100000_00000000,10.73758173,_M_00005
503,13.71,-4.973,-68.2,10100000_00000000,10.7713573,_M_00005
504,13.73,-4.977,-68.3,10100000_00000000,10.80443597,_M_00005
505,13.73,-4.971,-68.2,10100000_00000000,10.83799171,_M_00005
506,13.73,-4.977,-68.3,10100000_00000000,10.87097168,_M_00005
507,13.73,-4.973,-68.3,10100000_00000000,10.90497088,_M_00005
508,13.73,-4.977,-68.3,10100000_00000000,10.93797374,_M_00005
509,13.73,-4.975,-68.3,10100000_00000000,10.97062731,_M_00005
510,13.71,-4.973,-68.2,10100000_00000000,11.00457191,_M_00005
511,13.73,-4.973,-68.3,10100000_00000000,11.0375371,_M_00005
512,13.73,-4.979,-68.3,10100000_00000000,11.07131267,_M_00005
513,13.73,-4.975,-68.3,10100000_00000000,11.10496664,_M_00005
514,13.73,-4.975,-68.3,10100000_00000000,11.13794088,_M_00005
515,13.73,-4.977,-68.3,10100000_00000000,11.17084837,_M_00005
516,13.73,-4.977,-68.3,10100000_00000000,11.20639968,_M_00005
517,13.73,-4.973,-68.3,10100000_00000000,11.23772144,_M_00005
518,13.73,-4.975,-68.3,10100000_00000000,11.27172804,_M_00005
519,13.71,-4.979,-68.3,10100000_00000000,11.30444908,_M_00005
520,13.73,-4.975,-68.3,10100000_00000000,11.33746934,_M_00005
521,13.73,-4.979,-68.4,10100000_00000000,11.37144375,_M_00005
522,13.73,-4.977,-68.3,10100000_00000000,11.40632439,_M_00005
523,13.73,-4.979,-68.4,10100000_00000000,11.43784523,_M_00005
524,13.71,-4.975,-68.2,10100000_00000000,11.47109509,_M_00005
525,13.73,-4.977,-68.3,10100000_00000000,11.50445247,_M_00005
526,13.73,-4.975,-68.3,10100000_00000000,11.53812218,_M_00005
527,13.73,-4.977,-68.3,10100000_00000000,11.5711236,_M_00005
528,13.73,-4.973,-68.3,10100000_00000000,11.60525846,_M_00005
529,13.73,-4.981,-68.4,10100000_00000000,11.63787651,_M_00005
530,13.73,-4.969,-68.2,10100000_00000000,11.6709013,_M_00005
531,13.73,-4.981,-68.4,10100000_00000000,11.70467162,_M_00005
532,13.73,-4.973,-68.2,10100000_00000000,11.73815179,_M_00005
533,13.73,-4.975,-68.3,10100000_00000000,11.77115607,_M_00005
534,13.71,-4.973,-68.2,10100000_00000000,11.80449605,_M_00005
535,13.73,-4.981,-68.4,10100000_00000000,11.83821034,_M_00005
536,13.73,-4.973,-68.3,10100000_00000000,11.87090445,_M_00005
537,13.73,-4.977,-68.3,10100000_00000000,11.90492606,_M_00005
538,13.73,-4.977,-68.3,10100000_00000000,11.93815851,_M_00005
539,13.73,-4.973,-68.3,10100000_00000000,11.97103167,_M_00005
420,13.73,-4.975,-68.3,10100000_00000000,12.00405693,_M_00005
421,13.73,-4.977,-68.3,10100000_00000000,12.03751254,_M_00005
422,13.73,-4.979,-68.3,10100000_00000000,12.07150936,_M_00005
423,13.73,-4.975,-68.3,10100000_00000000,12.10452724,_M_00005
424,13.71,-4.977,-68.3,10100000_00000000,12.13744402,_M_00005
425,13.73,-4.979,-68.3,10100000_00000000,12.17374444,_M_00005
426,13.73,-4.975,-68.3,10100000_00000000,12.20435548,_M_00005
427,13.73,-4.975,-68.3,10100000_00000000,12.2381866,_M_00005
428,13.73,-4.979,-68.3,10100000_00000000,12.2710731,_M_00005
429,13.73,-4.975,-68.3,10100000_00000000,12.30454206,_M_00005
430,13.73,-4.979,-68.4,10100000_00000000,12.33746409,_M_00005
431,13.73,-4.975,-68.3,10100000_00000000,12.37263083,_M_00005
432,13.73,-4.977,-68.4,10100000_00000000,12.40418935,_M_00005
433,13.73,-4.973,-68.3,10100000_00000000,12.4374907,_M_00005
434,13.71,-4.977,-68.3,10100000_00000000,12.47146559,_M_00005
435,13.73,-4.975,-68.3,10100000_00000000,12.50447297,_M_00005
436,13.73,-4.977,-68.3,10100000_00000000,12.53821683,_M_00005
437,13.73,-4.975,-68.3,10100000_00000000,12.57156038,_M_00005
438,13.71,-4.979,-68.3,10100000_00000000,12.60421252,_M_00005
439,13.73,-4.973,-68.2,10100000_00000000,12.63798094,_M_00005
440,13.73,-4.979,-68.4,10100000_00000000,12.67097974,_M_00005
441,13.73,-4.975,-68.3,10100000_00000000,12.70480084,_M_00005
442,13.73,-4.975,-68.3,10100000_00000000,12.7377212,_M_00005
443,13.73,-4.973,-68.3,10100000_00000000,12.77104735,_M_00005
444,13.73,-4.977,-68.3,10100000_00000000,12.80404735,_M_00005
445,13.73,-4.975,-68.3,10100000_00000000,12.83757401,_M_00005
446,13.73,-4.975,-68.3,10100000_00000000,12.87146497,_M_00005
447,13.71,-4.979,-68.3,10100000_00000000,12.90448618,_M_00005
448,13.73,-4.971,-68.2,10100000_00000000,12.93740082,_M_00005
449,13.71,-4.971,-68.2,10100000_00000000,12.97125244,_M_00005
450,13.73,-4.977,-68.3,10100000_00000000,13.00461125,_M_00005
451,13.71,-4.977,-68.3,10100000_00000000,13.03830981,_M_00005
452,13.73,-4.975,-68.3,10100000_00000000,13.07150221,_M_00005
453,13.71,-4.981,-68.3,10100000_00000000,13.10460997,_M_00005
454,13.73,-4.979,-68.4,10100000_00000000,13.14035845,_M_00005
455,13.73,-4.977,-68.3,10100000_00000000,13.17158914,_M_00005
456,13.73,-4.975,-68.3,10100000_00000000,13.20501184,_M_00005
457,13.73,-4.979,-68.3,10100000_00000000,13.23801446,_M_00005
458,13.73,-4.973,-68.2,10100000_00000000,13.27128339,_M_00005
459,13.73,-4.979,-68.3,10100000_00000000,13.30448508,_M_00005
460,13.73,-4.971,-68.2,10100000_00000000,13.33917165,_M_00005
461,13.73,-4.981,-68.4,10100000_00000000,13.37125254,_M_00005
462,13.73,-4.971,-68.3,10100000_00000000,13.40449142,_M_00005
463,13.73,-4.975,-68.3,10100000_00000000,13.43753576,_M_00005
464,13.73,-4.973,-68.3,10100000_00000000,13.47136736,_M_00005
465,13.73,-4.975,-68.3,10100000_00000000,13.50459242,_M_00005
466,13.73,-4.969,-68.2,10100000_00000000,13.53818345,_M_00005
467,13.73,-4.979,-68.4,10100000_00000000,13.57111359,_M_00005
468,13.73,-4.973,-68.3,10100000_00000000,13.60457468,_M_00005
469,13.73,-4.975,-68.3,10100000_00000000,13.63758993,_M_00005
470,13.73,-4.977,-68.3,10100000_00000000,13.67120838,_M_00005
471,13.71,-4.975,-68.3,10100000_00000000,13.70415831,_M_00005
472,13.73,-4.971,-68.2,10100000_00000000,13.73797226,_M_00005
473,13.73,-4.977,-68.3,10100000_00000000,13.77088118,_M_00005
474,13.73,-4.979,-68.4,10100000_00000000,13.80451727,_M_00005
475,13.73,-4.973,-68.3,10100000_00000000,13.8373692,_M_00005
476,13.73,-4.979,-68.3,10100000_00000000,13.87115216,_M_00005
477,13.73,-4.973,-68.3,10100000_00000000,13.90414548,_M_00005
478,13.71,-4.977,-68.3,10100000_00000000,13.937397,_M_00005
479,13.73,-4.973,-68.2,10100000_00000000,13.97139406,_M_00005
360,13.73,-4.983,-68.4,10100000_00000000,14.00449657,_M_00005
361,13.71,-4.973,-68.2,10100000_00000000,14.0378592,_M_00005
362,13.73,-4.979,-68.3,10100000_00000000,14.07118607,_M_00005
363,13.73,-4.977,-68.3,10100000_00000000,14.10664058,_M_00005
364,13.73,-4.977,-68.3,10100000_00000000,14.13798094,_M_00005
365,13.73,-4.973,-68.3,10100000_00000000,14.17132759,_M_00005
366,13.73,-4.979,-68.3,10100000_00000000,14.20391679,_M_00005
367,13.73,-4.971,-68.2,10100000_00000000,14.23776031,_M_00005
368,13.71,-4.973,-68.3,10100000_00000000,14.27112317,_M_00005
369,13.73,-4.975,-68.3,10100000_00000000,14.30566192,_M_00005
370,13.73,-4.979,-68.3,10100000_00000000,14.33776879,_M_00005
371,13.73,-4.971,-68.3,10100000_00000000,14.37127233,_M_00005
372,13.73,-4.977,-68.3,10100000_00000000,14.40460086,_M_00005
373,13.73,-4.975,-68.3,10100000_00000000,14.43764186,_M_00005
374,13.73,-4.973,-68.3,10100000_00000000,14.47053981,_M_00005
375,13.73,-4.971,-68.2,10100000_00000000,14.50551653,_M_00005
376,13.71,-4.977,-68.3,10100000_00000000,14.53743339,_M_00005
377,13.73,-4.973,-68.3,10100000_00000000,14.57118082,_M_00005
378,13.73,-4.977,-68.3,10100000_00000000,14.60455251,_M_00005
379,13.73,-4.975,-68.3,10100000_00000000,14.63766122,_M_00005
380,13.73,-4.975,-68.3,10100000_00000000,14.67156005,_M_00005
381,13.73,-4.973,-68.3,10100000_00000000,14.70452952,_M_00005
382,13.73,-4.975,-68.3,10100000_00000000,14.73785424,_M_00005
383,13.73,-4.979,-68.3,10100000_00000000,14.77123594,_M_00005
384,13.71,-4.973,-68.2,10100000_00000000,14.80452681,_M_00005
385,13.73,-4.981,-68.4,10100000_00000000,14.83751082,_M_00005
386,13.73,-4.973,-68.3,10100000_00000000,14.8710053,_M_00005
387,13.73,-4.977,-68.3,10100000_00000000,14.90404201,_M_00005
388,13.73,-4.971,-68.2,10100000_00000000,14.93747306,_M_00005
389,13.73,-4.977,-68.3,10100000_00000000,14.97096586,_M_00005
390,13.73,-4.971,-68.2,10100000_00000000,15.00432396,_M_00005
391,13.73,-4.975,-68.3,10100000_00000000,15.03768229,_M_00005
392,13.73,-4.975,-68.3,10100000_00000000,15.07077098,_M_00005
393,13.73,-4.979,-68.3,10100000_00000000,15.10452104,_M_00005
394,13.73,-4.971,-68.2,10100000_00000000,15.13750863,_M_00005
395,13.73,-4.981,-68.4,10100000_00000000,15.1709969,_M_00005
396,13.73,-4.975,-68.3,10100000_00000000,15.20454311,_M_00005
397,13.71,-4.977,-68.3,10100000_00000000,15.23838258,_M_00005
398,13.73,-4.973,-68.2,10100000_00000000,15.27277613,_M_00005
399,13.73,-4.981,-68.4,10100000_00000000,15.30453014,_M_00005
400,13.73,-4.975,-68.3,10100000_00000000,15.33744264,_M_00005
401,13.71,-4.977,-68.3,10100000_00000000,15.37094069,_M_00005
402,13.73,-4.977,-68.3,10100000_00000000,15.40452814,_M_00005
403,13.71,-4.973,-68.2,10100000_00000000,15.43760633,_M_00005
404,13.73,-4.973,-68.2,10100000_00000000,15.47193074,_M_00005
405,13.73,-4.977,-68.3,10100000_00000000,15.50454307,_M_00005
406,13.73,-4.979,-68.4,10100000_00000000,15.53750086,_M_00005
407,13.73,-4.977,-68.3,10100000_00000000,15.57161164,_M_00005
408,13.73,-4.979,-68.3,10100000_00000000,15.60392809,_M_00005
409,13.73,-4.967,-68.2,10100000_00000000,15.6372509,_M_00005
410,13.73,-4.977,-68.3,10100000_00000000,15.67075109,_M_00005
411,13.73,-4.975,-68.3,10100000_00000000,15.70389771,_M_00005
412,13.71,-4.979,-68.3,10100000_00000000,15.73740864,_M_00005
413,13.71,-4.971,-68.2,10100000_00000000,15.7705431,_M_00005
414,13.73,-4.975,-68.3,10100000_00000000,15.80454469,_M_00005
415,13.73,-4.975,-68.3,10100000_00000000,15.83745503,_M_00005
416,13.73,-4.977,-68.3,10100000_00000000,15.87076735,_M_00005
417,13.73,-4.975,-68.3,10100000_00000000,15.90455174,_M_00005
418,13.73,-4.983,-68.4,10100000_00000000,15.93725586,_M_00005
419,13.71,-4.973,-68.2,10100000_00000000,15.97075343,_M_00005
300,13.73,-4.977,-68.3,10100000_00000000,16.00454521,_M_00005
301,13.73,-4.973,-68.3,10100000_00000000,16.04039168,_M_00005
302,13.73,-4.981,-68.4,10100000_00000000,16.07065797,_M_00005
303,13.73,-4.973,-68.3,10100000_00000000,16.10457611,_M_00005
304,13.71,-4.975,-68.3,10100000_00000000,16.1373775,_M_00005
305,13.71,-4.979,-68.3,10100000_00000000,16.1717298,_M_00005
306,13.73,-4.975,-68.3,10100000_00000000,16.20462584,_M_00005
307,13.73,-4.971,-68.3,10100000_00000000,16.23952341,_M_00005
308,13.71,-4.975,-68.3,10100000_00000000,16.27063775,_M_00005
309,13.73,-4.973,-68.3,10100000_00000000,16.30462027,_M_00005
310,13.73,-4.971,-68.3,10100000_00000000,16.33714294,_M_00005
311,13.73,-4.981,-68.4,10100000_00000000,16.37061024,_M_00005
312,13.73,-4.973,-68.3,10100000_00000000,16.40456796,_M_00005
313,13.73,-4.973,-68.3,10100000_00000000,16.43826032,_M_00005
314,13.73,-4.977,-68.3,10100000_00000000,16.47059202,_M_00005
315,13.71,-4.975,-68.3,10100000_00000000,16.50454712,_M_00005
316,13.73,-4.975,-68.3,10100000_00000000,16.53725672,_M_00005
317,13.73,-4.979,-68.4,10100000_00000000,16.57151461,_M_00005
318,13.73,-4.973,-68.3,10100000_00000000,16.60455036,_M_00005
319,13.73,-4.979,-68.3,10100000_00000000,16.63713908,_M_00005
320,13.73,-4.975,-68.3,10100000_00000000,16.67034793,_M_00005
321,13.73,-4.977,-68.3,10100000_00000000,16.7036736,_M_00005
322,13.73,-4.971,-68.2,10100000_00000000,16.7374711,_M_00005
323,13.73,-4.977,-68.3,10100000_00000000,16.77147508,_M_00005
324,13.71,-4.973,-68.2,10100000_00000000,16.80455446,_M_00005
325,13.73,-4.975,-68.3,10100000_00000000,16.83669686,_M_00005
326,13.71,-4.971,-68.2,10100000_00000000,16.87127805,_M_00005
327,13.73,-4.979,-68.4,10100000_00000000,16.90455556,_M_00005
328,13.73,-4.975,-68.3,10100000_00000000,16.93710566,_M_00005
329,13.73,-4.975,-68.3,10100000_00000000,16.97041988,_M_00005
330,13.73,-4.973,-68.3,10100000_00000000,17.00655794,_M_00005
331,13.73,-4.979,-68.3,10100000_00000000,17.03778744,_M_00005
332,13.73,-4.975,-68.3,10100000_00000000,17.07039094,_M_00005
333,13.73,-4.975,-68.3,10100000_00000000,17.10458398,_M_00005
334,13.73,-4.977,-68.3,10100000_00000000,17.13703775,_M_00005
335,13.73,-4.973,-68.3,10100000_00000000,17.17036271,_M_00005
336,13.73,-4.973,-68.3,10100000_00000000,17.20650482,_M_00005
337,13.73,-4.977,-68.3,10100000_00000000,17.23687339,_M_00005
338,13.73,-4.977,-68.3,10100000_00000000,17.27035928,_M_00005
339,13.73,-4.975,-68.3,10100000_00000000,17.30371737,_M_00005
340,13.73,-4.979,-68.4,10100000_00000000,17.33798623,_M_00005
341,13.73,-4.973,-68.3,10100000_00000000,17.37028813,_M_00005
342,13.73,-4.973,-68.2,10100000_00000000,17.40538454,_M_00005
343,13.73,-4.973,-68.3,10100000_00000000,17.43699241,_M_00005
344,13.73,-4.979,-68.4,10100000_00000000,17.47128105,_M_00005
345,13.73,-4.975,-68.3,10100000_00000000,17.5036273,_M_00005
346,13.73,-4.977,-68.3,10100000_00000000,17.5369122,_M_00005
347,13.73,-4.975,-68.3,10100000_00000000,17.57104588,_M_00005
348,13.73,-4.975,-68.3,10100000_00000000,17.60427594,_M_00005
349,13.73,-4.977,-68.3,10100000_00000000,17.63780928,_M_00005
350,13.73,-4.979,-68.4,10100000_00000000,17.67120028,_M_00005
351,13.73,-4.973,-68.2,10100000_00000000,17.70357084,_M_00005
352,13.73,-4.977,-68.3,10100000_00000000,17.73769403,_M_00005
353,13.73,-4.975,-68.3,10100000_00000000,17.77014852,_M_00005
354,13.73,-4.977,-68.3,10100000_00000000,17.80427623,_M_00005
355,13.73,-4.973,-68.3,10100000_00000000,17.83763599,_M_00005
356,13.71,-4.981,-68.3,10100000_00000000,17.87114429,_M_00005
357,13.73,-4.975,-68.3,10100000_00000000,17.9034524,_M_00005
358,13.73,-4.973,-68.3,10100000_00000000,17.93677783,_M_00005
359,13.73,-4.973,-68.3,10100000_00000000,17.97386599,_M_00005
240,13.73,-4.979,-68.3,10100000_00000000,18.00487995,_M_00005
241,13.73,-4.973,-68.3,10100000_00000000,18.03769231,_M_00005
242,13.73,-4.977,-68.3,10100000_00000000,18.0714879,_M_00005
243,13.73,-4.983,-68.4,10100000_00000000,18.1046567,_M_00005
244,13.73,-4.971,-68.2,10100000_00000000,18.13677692,_M_00005
245,13.73,-4.973,-68.2,10100000_00000000,18.1730423,_M_00005
246,13.73,-4.977,-68.3,10100000_00000000,18.20352006,_M_00005
247,13.73,-4.977,-68.3,10100000_00000000,18.23764968,_M_00005
248,13.73,-4.977,-68.3,10100000_00000000,18.27189255,_M_00005
249,13.73,-4.975,-68.3,10100000_00000000,18.30439568,_M_00005
250,13.73,-4.973,-68.3,10100000_00000000,18.33676863,_M_00005
251,13.71,-4.977,-68.3,10100000_00000000,18.37193251,_M_00005
252,13.73,-4.973,-68.3,10100000_00000000,18.40435672,_M_00005
253,13.71,-4.977,-68.3,10100000_00000000,18.43749213,_M_00005
254,13.73,-4.973,-68.3,10100000_00000000,18.47084141,_M_00005
255,13.73,-4.977,-68.3,10100000_00000000,18.50431013,_M_00005
256,13.73,-4.971,-68.2,10100000_00000000,18.53747869,_M_00005
257,13.73,-4.979,-68.4,10100000_00000000,18.57084727,_M_00005
258,13.73,-4.971,-68.2,10100000_00000000,18.6049087,_M_00005
259,13.73,-4.981,-68.4,10100000_00000000,18.63745308,_M_00005
260,13.73,-4.975,-68.3,10100000_00000000,18.67078543,_M_00005
261,13.73,-4.977,-68.4,10100000_00000000,18.70479202,_M_00005
262,13.71,-4.977,-68.3,10100000_00000000,18.73742557,_M_00005
263,13.73,-4.977,-68.3,10100000_00000000,18.77073717,_M_00005
264,13.73,-4.975,-68.3,10100000_00000000,18.80462742,_M_00005
265,13.73,-4.979,-68.3,10100000_00000000,18.83754539,_M_00005
266,13.73,-4.977,-68.3,10100000_00000000,18.87180495,_M_00005
267,13.73,-4.977,-68.3,10100000_00000000,18.90452814,_M_00005
268,13.73,-4.973,-68.3,10100000_00000000,18.9403944,_M_00005
269,13.73,-4.979,-68.3,10100000_00000000,18.97067881,_M_00005
270,13.73,-4.973,-68.3,10100000_00000000,19.00446296,_M_00005
271,13.73,-4.977,-68.3,10100000_00000000,19.03677249,_M_00005
272,13.73,-4.975,-68.3,10100000_00000000,19.07052875,_M_00005
273,13.73,-4.973,-68.3,10100000_00000000,19.10431767,_M_00005
274,13.73,-4.973,-68.3,10100000_00000000,19.13942719,_M_00005
275,11.96,41.712,460.7,11100000_00010000,19.17061567,_M_00005
276,11.71,45.012,527.8,11100000_00010000,19.20401573,_M_00005
277,11.71,45.016,527.7,11100000_00010000,19.23758221,_M_00005
278,11.71,45.014,527.5,11100000_00010000,19.27069879,_M_00005
279,11.71,45.016,527.6,11100000_00010000,19.30459023,_M_00005
280,13.73,-4.975,-68.3,10100000_00000000,19.3382349,_M_00005
281,13.73,-4.975,-68.3,10100000_00000000,19.37063313,_M_00005
282,13.73,-4.979,-68.4,10100000_00000000,19.40448427,_M_00005
283,13.73,-4.975,-68.3,10100000_00000000,19.43718028,_M_00005
284,13.73,-4.979,-68.4,10100000_00000000,19.4705081,_M_00005
285,13.73,-4.977,-68.3,10100000_00000000,19.50448775,_M_00005
286,13.73,-4.979,-68.3,10100000_00000000,19.53809881,_M_00005
287,13.73,-4.973,-68.3,10100000_00000000,19.57127881,_M_00005
288,13.73,-4.975,-68.3,10100000_00000000,19.60428572,_M_00005
289,13.73,-4.973,-68.2,10100000_00000000,19.63720703,_M_00005
290,13.73,-4.977,-68.3,10100000_00000000,19.67060089,_M_00005
291,13.73,-4.977,-68.3,10100000_00000000,19.70411634,_M_00005
292,13.73,-4.979,-68.4,10100000_00000000,19.73809099,_M_00005
293,13.73,-4.975,-68.3,10100000_00000000,19.77045393,_M_00005
294,13.73,-4.975,-68.3,10100000_00000000,19.80404711,_M_00005
295,13.73,-4.977,-68.3,10100000_00000000,19.83813596,_M_00005
296,13.73,-4.975,-68.3,10100000_00000000,19.87102699,_M_00005
297,13.73,-4.973,-68.3,10100000_00000000,19.90692329,_M_00005
298,13.73,-4.975,-68.3,10100000_00000000,19.93783116,_M_00005
299,13.73,-4.975,-68.3,10100000_00000000,19.97077966,_M_00005
180,13.71,-4.971,-68.2,10100000_00000000,20.00460839,_M_00005
181,13.73,-4.979,-68.3,10100000_00000000,20.03750181,_M_00005
182,13.73,-4.973,-68.3,10100000_00000000,20.07139039,_M_00005
183,13.73,-4.975,-68.3,10100000_00000000,20.10591388,_M_00005
184,13.73,-4.975,-68.3,10100000_00000000,20.1378088,_M_00005
185,13.73,-4.979,-68.3,10100000_00000000,20.17131567,_M_00005
186,13.73,-4.969,-68.2,10100000_00000000,20.20444369,_M_00005
187,13.73,-4.977,-68.3,10100000_00000000,20.2377274,_M_00005
188,13.71,-4.975,-68.3,10100000_00000000,20.27125573,_M_00005
189,13.71,-4.977,-68.3,10100000_00000000,20.30421185,_M_00005
190,13.73,-4.973,-68.3,10100000_00000000,20.33788633,_M_00005
191,13.73,-4.977,-68.3,10100000_00000000,20.37038112,_M_00005
192,13.73,-4.973,-68.3,10100000_00000000,20.40408492,_M_00005
193,13.73,-4.977,-68.3,10100000_00000000,20.43816614,_M_00005
194,13.73,-4.977,-68.3,10100000_00000000,20.47115135,_M_00005
195,13.73,-4.979,-68.3,10100000_00000000,20.50404429,_M_00005
196,13.73,-4.969,-68.2,10100000_00000000,20.53782558,_M_00005
197,13.73,-4.981,-68.4,10100000_00000000,20.57018447,_M_00005
198,13.71,-4.975,-68.3,10100000_00000000,20.60478544,_M_00005
199,13.73,-4.975,-68.3,10100000_00000000,20.63818026,_M_00005
200,13.73,-4.979,-68.4,10100000_00000000,20.67113495,_M_00005
201,13.73,-4.977,-68.3,10100000_00000000,20.70365047,_M_00005
202,13.73,-4.977,-68.3,10100000_00000000,20.73791671,_M_00005
203,13.73,-4.977,-68.3,10100000_00000000,20.77110696,_M_00005
204,13.73,-4.979,-68.3,10100000_00000000,20.80352759,_M_00005
205,13.73,-4.973,-68.3,10100000_00000000,20.83775139,_M_00005
206,13.73,-4.975,-68.3,10100000_00000000,20.87337923,_M_00005
207,13.73,-4.977,-68.3,10100000_00000000,20.90439177,_M_00005
208,13.73,-4.977,-68.3,10100000_00000000,20.93767262,_M_00005
209,13.73,-4.971,-68.2,10100000_00000000,20.97052145,_M_00005
210,13.73,-4.979,-68.3,10100000_00000000,21.00440669,_M_00005
211,13.73,-4.971,-68.3,10100000_00000000,21.03762412,_M_00005
212,13.73,-4.977,-68.3,10100000_00000000,21.07259202,_M_00005
213,13.73,-4.975,-68.3,10100000_00000000,21.10436463,_M_00005
214,13.73,-4.979,-68.3,10100000_00000000,21.13655066,_M_00005
215,13.73,-4.971,-68.2,10100000_00000000,21.17097735,_M_00005
216,13.73,-4.977,-68.4,10100000_00000000,21.20415092,_M_00005
217,13.71,-4.977,-68.3,10100000_00000000,21.23812485,_M_00005
218,13.73,-4.977,-68.3,10100000_00000000,21.2716589,_M_00005
219,13.73,-4.971,-68.2,10100000_00000000,21.30401921,_M_00005
220,13.71,-4.979,-68.3,10100000_00000000,21.33765602,_M_00005
221,13.73,-4.973,-68.3,10100000_00000000,21.37092209,_M_00005
222,13.71,-4.975,-68.3,10100000_00000000,21.40402484,_M_00005
223,13.71,-4.979,-68.3,10100000_00000000,21.43790007,_M_00005
224,13.73,-4.977,-68.3,10100000_00000000,21.4706645,_M_00005
225,13.73,-4.977,-68.3,10100000_00000000,21.50410128,_M_00005
226,13.73,-4.977,-68.3,10100000_00000000,21.53764248,_M_00005
227,13.73,-4.977,-68.3,10100000_00000000,21.57149291,_M_00005
228,13.71,-4.975,-68.3,10100000_00000000,21.60402155,_M_00005
229,13.73,-4.973,-68.2,10100000_00000000,21.64075279,_M_00005
230,13.73,-4.981,-68.4,10100000_00000000,21.67087817,_M_00005
231,13.73,-4.973,-68.3,10100000_00000000,21.70459366,_M_00005
232,13.73,-4.973,-68.3,10100000_00000000,21.73757124,_M_00005
233,13.73,-4.977,-68.3,10100000_00000000,21.77087569,_M_00005
234,13.73,-4.973,-68.2,10100000_00000000,21.8039794,_M_00005
235,13.73,-4.975,-68.3,10100000_00000000,21.83997846,_M_00005
236,13.73,-4.975,-68.3,10100000_00000000,21.87084007,_M_00005
237,13.73,-4.979,-68.3,10100000_00000000,21.90484309,_M_00005
238,13.73,-4.973,-68.3,10100000_00000000,21.93823934,_M_00005
239,13.73,-4.981,-68.4,10100000_00000000,21.97065568,_M_00005
120,13.73,-4.973,-68.3,10100000_00000000,22.00422621,_M_00005
121,13.73,-4.977,-68.3,10100000_00000000,22.03859782,_M_00005
122,13.73,-4.975,-68.3,10100000_00000000,22.07154346,_M_00005
123,13.73,-4.981,-68.4,10100000_00000000,22.10418129,_M_00005
124,13.73,-4.969,-68.2,10100000_00000000,22.13740683,_M_00005
125,13.71,-4.977,-68.3,10100000_00000000,22.1706326,_M_00005
126,13.73,-4.975,-68.3,10100000_00000000,22.20405126,_M_00005
127,13.73,-4.979,-68.3,10100000_00000000,22.2377193,_M_00005
128,13.73,-4.973,-68.3,10100000_00000000,22.27138543,_M_00005
129,13.71,-4.704,-64.2,10100000_00000000,22.30379629,_M_00005
130,13.61,1.972,-23.4,11100000_00000000,22.33740163,_M_00005
131,13.44,2.269,25.3,11100000_00010000,22.37169862,_M_00005
132,13.25,7.308,95.2,11100000_00010000,22.40462041,_M_00005
133,13.12,10.02,131.6,11100000_00010000,22.43689346,_M_00005
134,13.12,10.02,131.6,11100000_00010000,22.47120237,_M_00005
135,13.12,10.022,131.6,11100000_00010000,22.50409555,_M_00005
136,13.12,10.02,131.6,11100000_00010000,22.53826261,_M_00005
137,13.12,10.02,131.6,11100000_00010000,22.57046986,_M_00005
138,13.12,10.022,131.6,11100000_00010000,22.60739899,_M_00005
139,13.12,10.02,131.6,11100000_00010000,22.63845515,_M_00005
140,13.12,10.018,131.6,11100000_00010000,22.67154622,_M_00005
141,13.12,10.022,131.6,11100000_00010000,22.70386147,_M_00005
142,13.12,10.022,131.6,11100000_00010000,22.73783231,_M_00005
143,13.12,10.018,131.5,11100000_00010000,22.77158499,_M_00005
144,13.12,10.02,131.6,11100000_00010000,22.80655766,_M_00005
145,13.12,10.02,131.6,11100000_00010000,22.83699393,_M_00005
146,13.12,10.02,131.6,11100000_00010000,22.87036109,_M_00005
147,13.12,10.02,131.6,11100000_00010000,22.90380883,_M_00005
148,13.12,10.018,131.6,11100000_00010000,22.93715167,_M_00005
149,13.12,10.022,131.6,11100000_00010000,22.97046185,_M_00005
150,13.12,10.022,131.6,11100000_00010000,23.0050714,_M_00005
151,13.12,10.018,131.6,11100000_00010000,23.0369823,_M_00005
152,13.12,10.02,131.6,11100000_00010000,23.07036304,_M_00005
153,13.12,10.022,131.6,11100000_00010000,23.10454631,_M_00005
154,13.12,10.02,131.6,11100000_00010000,23.13751912,_M_00005
155,13.12,10.018,131.5,11100000_00010000,23.17137527,_M_00005
156,13.12,10.02,131.6,11100000_00010000,23.2046175,_M_00005
157,13.12,10.02,131.6,11100000_00010000,23.2375319,_M_00005
158,13.12,10.02,131.6,11100000_00010000,23.27145576,_M_00005
159,13.12,10.02,131.6,11100000_00010000,23.30473232,_M_00005
160,13.12,10.02,131.6,11100000_00010000,23.33788252,_M_00005
161,13.12,10.02,131.6,11100000_00010000,23.3702991,_M_00005
162,13.12,10.022,131.6,11100000_00010000,23.40357542,_M_00005
163,13.12,10.02,131.6,11100000_00010000,23.43763614,_M_00005
164,13.12,10.02,131.6,11100000_00010000,23.47170258,_M_00005
165,13.12,10.018,131.6,11100000_00010000,23.50454187,_M_00005
166,13.12,10.018,131.6,11100000_00010000,23.53688383,_M_00005
167,13.12,10.024,131.7,11100000_00010000,23.57410216,_M_00005
168,13.12,10.022,131.6,11100000_00010000,23.60455775,_M_00005
169,13.12,10.022,131.6,11100000_00010000,23.63762593,_M_00005
170,13.12,10.02,131.6,11100000_00010000,23.67115235,_M_00005
171,13.12,10.018,131.6,11100000_00010000,23.70363855,_M_00005
172,13.14,10.022,131.7,11100000_00010000,23.73763227,_M_00005
173,13.12,10.02,131.6,11100000_00010000,23.77284622,_M_00005
174,13.12,10.022,131.7,11100000_00010000,23.80485606,_M_00005
175,13.12,10.024,131.6,11100000_00010000,23.83791351,_M_00005
176,13.12,10.022,131.6,11100000_00010000,23.87090635,_M_00005
177,13.14,9.926,130.4,11100000_00010000,23.90486813,_M_00005
178,13.21,7.931,104.3,11100000_00010000,23.93790269,_M_00005
179,13.43,2.705,35.2,11100000_00010000,23.97187519,_M_00005
60,13.5,0.92,11.6,11100000_00010000,24.00492644,_M_00005
61,13.52,0.179,2.2,11100000_00010000,24.03764772,_M_00005
62,13.52,0.124,1.6,11100000_00010000,24.07158303,_M_00005
63,13.52,0.124,1.6,11100000_00010000,24.10469675,_M_00005
64,13.52,0.124,1.6,11100000_00010000,24.13755417,_M_00005
65,13.52,0.12,1.6,11100000_00010000,24.1715703,_M_00005
66,13.52,0.122,1.6,11100000_00010000,24.2045505,_M_00005
67,13.52,0.124,1.6,11100000_00010000,24.23748136,_M_00005
68,13.52,0.122,1.6,11100000_00010000,24.27150583,_M_00005
69,13.52,0.126,1.7,11100000_00010000,24.3044827,_M_00005
70,13.52,0.122,1.6,11100000_00010000,24.33760738,_M_00005
71,13.53,0.12,1.6,11100000_00010000,24.37158322,_M_00005
72,13.53,0.12,1.6,11100000_00010000,24.4045589,_M_00005
73,13.53,0.12,1.6,11100000_00010000,24.43696952,_M_00005
74,13.52,0.12,1.6,11100000_00010000,24.47093534,_M_00005
75,13.52,0.118,1.5,11100000_00010000,24.50479436,_M_00005
76,13.52,0.122,1.6,11100000_00010000,24.54021096,_M_00005
77,13.52,0.124,1.6,11100000_00010000,24.5711143,_M_00005
78,13.52,0.12,1.6,11100000_00010000,24.60408783,_M_00005
79,13.52,0.126,1.7,11100000_00010000,24.6376133,_M_00005
80,13.52,0.12,1.6,11100000_00010000,24.67161369,_M_00005
81,13.52,0.122,1.6,11100000_00010000,24.70459056,_M_00005
82,13.52,0.124,1.6,11100000_00010000,24.73939013,_M_00005
83,13.52,0.124,1.7,11100000_00010000,24.77139163,_M_00005
84,13.52,0.122,1.6,11100000_00010000,24.80436659,_M_00005
85,13.53,0.12,1.6,11100000_00010000,24.83769321,_M_00005
86,13.53,0.126,1.7,11100000_00010000,24.87064409,_M_00005
87,13.52,0.12,1.6,11100000_00010000,24.90456247,_M_00005
88,13.52,0.12,1.6,11100000_00010000,24.93844604,_M_00005
89,13.52,0.126,1.7,11100000_00010000,24.97145343,_M_00005
90,13.52,0.077,0.8,11100000_00010000,25.00443912,_M_00005
91,13.53,0.012,0.2,11100000_00010000,25.03722191,_M_00005
92,13.53,0.014,0.2,11100000_00010000,25.07119703,_M_00005
93,13.53,0.012,0.2,11100000_00010000,25.10418773,_M_00005
94,13.53,0.012,0.2,11100000_00010000,25.13817811,_M_00005
95,13.53,0.014,0.2,11100000_00010000,25.17115116,_M_00005
96,13.53,0.014,0.2,11100000_00010000,25.2040534,_M_00005
97,13.53,0.016,0.2,11100000_00010000,25.23818231,_M_00005
98,13.53,0.016,0.2,11100000_00010000,25.27120113,_M_00005
99,13.52,0.014,0.2,11100000_00010000,25.30422735,_M_00005
100,13.52,0.014,0.2,11100000_00010000,25.33772755,_M_00005
101,13.53,0.014,0.2,11100000_00010000,25.37070441,_M_00005
102,13.53,0.014,0.2,11100000_00010000,25.40472651,_M_00005
103,13.52,0.014,0.2,11100000_00010000,25.43769789,_M_00005
104,13.53,0.014,0.2,11100000_00010000,25.4715302,_M_00005
105,13.53,0.016,0.2,11100000_00010000,25.50683713,_M_00005
106,13.52,0.016,0.2,11100000_00010000,25.53776193,_M_00005
107,13.53,0.014,0.2,11100000_00010000,25.57076669,_M_00005
108,13.53,0.012,0.2,11100000_00010000,25.6047802,_M_00005
109,13.52,0.014,0.2,11100000_00010000,25.63699961,_M_00005
110,13.53,0.016,0.2,11100000_00010000,25.67083478,_M_00005
111,13.52,0.016,0.2,11100000_00010000,25.70591021,_M_00005
112,13.53,0.012,0.2,11100000_00010000,25.73783612,_M_00005
113,13.53,0.014,0.2,11100000_00010000,25.77082086,_M_00005
114,13.53,0.012,0.2,11100000_00010000,25.80481339,_M_00005
115,13.53,0.012,0.2,11100000_00010000,25.83835483,_M_00005
116,13.53,-0.012,0.2,10100000_00010000,25.87200499,_M_00005
117,13.52,0.014,0.2,11100000_00010000,25.9049449,_M_00005
118,13.52,0.016,0.2,11100000_00010000,25.93784046,_M_00005
119,13.53,0.014,0.2,11100000_00010000,25.97079229,_M_00005
0,13.53,0.014,0.2,11100000_00010000,26.00486159,_M_00005
1,13.52,0.014,0.2,11100000_00010000,26.03776646,_M_00005
2,13.53,0.012,0.2,11100000_00010000,26.07075524,_M_00005
3,13.52,0.014,0.2,11100000_00010000,26.103585,_M_00005
4,13.53,0.014,0.2,11100000_00010000,26.13754368,_M_00005
5,13.52,0.014,0.2,11100000_00010000,26.1708796,_M_00005
6,13.53,0.014,0.2,11100000_00010000,26.20485258,_M_00005
7,13.53,0.016,0.2,11100000_00010000,26.23780012,_M_00005
8,13.52,0.012,0.2,11100000_00010000,26.27077508,_M_00005
9,13.52,0.014,0.2,11100000_00010000,26.30473924,_M_00005
10,13.53,0.014,0.2,11100000_00010000,26.33772612,_M_00005
11,13.53,0.012,0.2,11100000_00010000,26.37070155,_M_00005
12,13.52,0.014,0.2,11100000_00010000,26.4043293,_M_00005
13,13.53,0.014,0.2,11100000_00010000,26.43780494,_M_00005
14,13.53,0.012,0.2,11100000_00010000,26.4733603,_M_00005
15,13.52,0.012,0.2,11100000_00010000,26.50435472,_M_00005
16,13.52,0.014,0.2,11100000_00010000,26.53780532,_M_00005
17,13.53,0.016,0.2,11100000_00010000,26.57078052,_M_00005
18,13.52,0.014,0.2,11100000_00010000,26.60474277,_M_00005
19,13.52,0.012,0.2,11100000_00010000,26.63773704,_M_00005
20,13.53,0.012,0.2,11100000_00010000,26.67243958,_M_00005
21,13.53,0.016,0.2,11100000_00010000,26.70396352,_M_00005
22,13.53,0.012,0.2,11100000_00010000,26.73750997,_M_00005
23,13.52,0.016,0.2,11100000_00010000,26.7713604,_M_00005
24,13.52,0.012,0.2,11100000_00010000,26.80437183,_M_00005
25,13.53,0.016,0.2,11100000_00010000,26.8378365,_M_00005
26,13.52,0.01,0.1,11100000_00010000,26.87148714,_M_00005
27,13.52,0.012,0.2,11100000_00010000,26.90413785,_M_00005
28,13.53,0.014,0.2,11100000_00010000,26.93781376,_M_00005
29,13.53,0.016,0.2,11100000_00010000,26.97078991,_M_00005
30,13.53,0.014,0.2,11100000_00010000,27.00478601,_M_00005
31,13.53,0.014,0.2,11100000_00010000,27.03769732,_M_00005
32,13.53,0.014,0.2,11100000_00010000,27.07069159,_M_00005
33,13.53,0.012,0.2,11100000_00010000,27.10393476,_M_00005
34,13.53,0.014,0.2,11100000_00010000,27.13792586,_M_00005
35,13.53,0.014,0.2,11100000_00010000,27.17091823,_M_00005
36,13.52,0.014,0.2,11100000_00010000,27.20482707,_M_00005
37,13.52,0.012,0.2,11100000_00010000,27.24047947,_M_00005
38,13.52,0.016,0.2,11100000_00010000,27.27139568,_M_00005
39,13.53,0.016,0.2,11100000_00010000,27.30405211,_M_00005
40,13.53,0.012,0.2,11100000_00010000,27.33792281,_M_00005
41,13.53,0.014,0.2,11100000_00010000,27.37087655,_M_00005
42,13.53,0.012,0.2,11100000_00010000,27.4048543,_M_00005
43,13.53,0.014,0.2,11100000_00010000,27.44000006,_M_00005
44,13.53,0.014,0.2,11100000_00010000,27.47089958,_M_00005
45,13.53,0.018,0.2,11100000_00010000,27.50485873,_M_00005
46,13.53,0.014,0.2,11100000_00010000,27.53785396,_M_00005
47,13.52,0.014,0.2,11100000_00010000,27.57083058,_M_00005
48,13.53,0.016,0.2,11100000_00010000,27.60485315,_M_00005
49,13.53,0.018,0.2,11100000_00010000,27.63910556,_M_00005
50,13.53,0.014,0.2,11100000_00010000,27.67098475,_M_00005
51,13.53,0.012,0.2,11100000_00010000,27.70485044,_M_00005
52,13.53,0.014,0.2,11100000_00010000,27.73778057,_M_00005
53,13.53,0.016,0.2,11100000_00010000,27.77073336,_M_00005
54,13.53,0.014,0.2,11100000_00010000,27.80476904,_M_00005
55,13.52,0.014,0.2,11100000_00010000,27.83810687,_M_00005
56,13.53,-0.014,0.2,10100000_00010000,27.8709836,_M_00005
57,13.52,0.014,0.2,11100000_00010000,27.90478754,_M_00005
58,13.53,0.016,0.2,11100000_00010000,27.93758392,_M_00005
59,13.53,0.01,0.2,11100000_00010000,27.97085977,_M_00005
